,genres,id,revenue,rating
0, Action,949,187436818.0,3.5
16, Adventure,710,352194034.0,1.0
18, Action,1408,10017322.0,1.0
61, Drama,524,116112375.0,2.0
97, Drama,4584,135000000.0,5.0
98, Crime,5,4300000.0,4.5
154, Comedy,8012,115101622.0,5.0
158, Drama,451,49800000.0,3.0
165, Fantasy,902,1738611.0,3.0
209, Science Fiction,63,168840000.0,3.0
215, Drama,687,39363635.0,3.0
217, Fantasy,577,21284514.0,3.0
219, Music,2054,106269971.0,3.0
295, Comedy,4482,0.0,4.0
299, Horror,755,25836616.0,2.0
300, Drama,880,0.0,1.0
325, Drama,8447,0.0,1.0
326, Crime,2086,8175346.0,5.0
327, Drama,2045,0.0,3.0
332, Drama,688,182016617.0,3.0
342, Crime,103,28262574.0,4.0
346, Comedy,2074,14702438.0,4.0
347, Fantasy,27793,0.0,2.0
349, Drama,568,355237933.0,3.0
351, Action,414,336529144.0,3.0
358, Drama,1873,0.0,3.0
371, Fantasy,8839,287928194.0,2.5
372, Action,8963,157387195.0,0.5
373, Documentary,26564,3174695.0,0.5
375, Action,1572,366101666.0,4.5
378, Mystery,8973,0.0,3.5
386, Crime,1642,110627965.0,2.0
390, Crime,281,7959291.0,3.0
408, Action,3512,104324083.0,3.0
427, Adventure,26258,0.0,4.5
432, Drama,76,5535405.0,3.0
447, Comedy,2292,3151130.0,4.0
448, Romance,1909,22200000.0,3.0
495, Drama,8984,214015089.0,2.0
529, Action,4954,0.0,4.0
534, Comedy,522,5887457.0,3.0
543, Drama,1024,3049135.0,3.0
547, Horror,628,223664608.0,4.0
597, Adventure,11,775398007.0,2.5
679, Drama,3036,112006296.0,4.0
683, Comedy,8986,18137661.0,4.0
684, Drama,1945,106683817.0,4.0
713, Crime,241,50282766.0,3.0
717, Drama,527,2201126.0,4.0
961, Action,6950,189859560.0,2.5
962, Thriller,101,45284974.0,4.0
979, Comedy,2307,0.0,4.0
980, Thriller,680,213928762.0,2.0
986, Drama,110,0.0,4.0
1214, Drama,108,0.0,4.0
1215, Action,2636,170362582.0,5.0
1216, Action,2164,196567262.0,1.0
1218, Drama,278,28341469.0,2.0
1223, Science Fiction,193,120000000.0,1.0
1258, Drama,95963,0.0,3.5
1259, Romance,1587,10032765.0,3.0
1283, Comedy,2064,182057016.0,5.0
1325, Drama,236,15119639.0,4.5
1385, Drama,2759,11220670.0,1.0
1407, Fantasy,888,341631208.0,4.0
1410, Comedy,13,677945399.0,3.0
1418, Drama,1689,4858139.0,4.5
1430, Romance,854,351583407.0,4.0
1431, Drama,2788,20079850.0,5.0
1453, Action,8987,0.0,4.0
1455, Thriller,8831,101646581.0,2.5
1456, Action,315,0.0,3.0
1500, Action,8011,36800000.0,2.0
1505, Horror,2654,8946600.0,4.0
1509, Comedy,2758,48919043.0,4.0
1510, Action,306,119208989.0,5.0
1542, Drama,178,30156002.0,5.0
1547, Horror,4722,428868.0,4.0
1550, Comedy,26391,3662459.0,2.5
1552, Drama,2124,19726050.0,4.0
1587, Drama,49299,0.0,4.0
1588, Adventure,5503,368875760.0,1.0
1589, Drama,2087,30.0,5.0
1627, Action,2019,74189677.0,4.0
1681, Comedy,26271,0.0,4.0
1682, Romance,2259,0.0,2.0
1693, Drama,7984,65796862.0,3.5
1694, Action,6,12136938.0,4.0
1798, Adventure,329,920100000.0,3.0
1912, Action,507,418961.0,3.0
1929, Drama,1413,1499795.0,3.0
1933, Drama,2246,46405336.0,2.0
1934, Action,2320,121969216.0,4.0
1938, Drama,5879,0.0,3.0
1941, Drama,2625,0.0,4.0
1942, Comedy,788,441286195.0,3.5
2010, Drama,1245,23237911.0,4.0
2037, Action,7007,107198790.0,4.0
2043, Action,2088,3275585.0,3.0
2068, Drama,424,321365567.0,4.0
2071, Adventure,8850,48063435.0,2.5
2072, Comedy,695,6110979.0,4.0
2074, Comedy,858,227799884.0,5.0
2274, Drama,867,116300000.0,3.0
2275, Science Fiction,78,33139618.0,3.0
2285, Action,319,12281551.0,1.0
2323, History,32562,0.0,4.0
2324, Fantasy,251,505000000.0,3.0
2325, Action,280,520000000.0,5.0
2347, Adventure,581,424208848.0,3.0
2364, Thriller,80350,0.0,0.5
2366, Fantasy,268,411348924.0,5.0
2370, Crime,274,272742922.0,2.0
2373, Fantasy,408,184925486.0,3.0
2374, Romance,114,463000000.0,3.0
2375, Comedy,7300,97529550.0,3.5
2377, Crime,275,60611975.0,3.0
2382, Crime,1592,102616183.0,3.0
2389, Comedy,2021,218626.0,4.0
2419, Adventure,954,457696359.0,4.0
2450, Fantasy,8840,115267375.0,2.5
2451, Drama,5801,536364.0,4.0
2454, Drama,896,16000.0,3.0
2457, Animation,2300,250200000.0,4.0
2490, Drama,27768,0.0,3.5
2491, Drama,753,0.0,3.0
2496, Comedy,8866,0.0,3.5
2500, Drama,922,0.0,1.0
2539, Action,664,494471524.0,3.0
2541, Family,532,0.0,3.5
2559, Drama,935,9440272.0,4.0
2565, Comedy,7095,58620973.0,2.5
2566, Drama,627,16491080.0,4.0
2575, Drama,81949,65352.0,3.0
2576, Crime,1645,152266007.0,3.0
2636, Drama,4837,0.0,3.5
2638, Comedy,2925,116400000.0,4.0
2645, Drama,3573,22231658.0,0.5
2647, Drama,549,3011195.0,5.0
2659, Drama,238,245066411.0,1.0
2664, Comedy,159,0.0,4.0
2672, Fantasy,3587,0.0,4.0
2673, Comedy,981,0.0,1.0
2674, Comedy,872,7200000.0,5.0
2675, Drama,2769,4500000.0,2.0
2681, Comedy,164,9500000.0,4.0
2707, Mystery,426,28000000.0,2.0
2719, Drama,567,36764313.0,3.0
2721, Comedy,3078,4500000.0,3.5
2723, Mystery,213,13275000.0,4.0
2732, Comedy,239,25000000.0,3.0
2747, Drama,289,10462500.0,4.0
2761, Mystery,963,1000000.0,3.0
2763, Comedy,6620,10000000.0,1.5
2780, Comedy,804,12000000.0,3.5
2794, Comedy,909,0.0,4.0
2827, Adventure,630,33754967.0,4.0
2829, Drama,599,5000000.0,4.0
2843, Mystery,15,23217674.0,2.5
2854, Science Fiction,62,68700000.0,3.0
2941, Drama,705,63463.0,2.5
2944, Drama,223,6000000.0,1.0
3053, Thriller,303,24464742.0,3.0
3077, Drama,4174,7000000.0,4.0
3082, Crime,381,8750000.0,3.0
3111, Comedy,1859,2279000.0,5.0
3113, Drama,1939,2000000.0,5.0
3124, Adventure,3598,0.0,3.0
3130, Comedy,198,0.0,2.0
3173, Drama,220,5.0,4.0
3175, Comedy,3529,1423000.0,4.0
3184, Adventure,2897,42000000.0,5.0
3185, Comedy,3083,9600000.0,5.0
3205, Comedy,900,0.0,2.5
3227, Action,260,0.0,5.0
3518, Adventure,488,10750000.0,3.5
3522, Drama,261,17570324.0,4.0
3573, Drama,2033,0.0,4.0
3585, Adventure,173,28200000.0,3.0
3655, Comedy,864,154864401.0,4.0
3657, Adventure,8367,390493908.0,4.0
3659, Comedy,433,102272727.0,4.0
3666, Action,562,140767956.0,3.0
3696, Drama,454,147298761.0,4.0
3806, Crime,1834,0.0,3.5
3829, Family,252,4000000.0,2.0
3870, Crime,475,50700000.0,3.0
3901, Crime,521,3000000.0,4.0
3911, Drama,88,213954274.0,3.0
3934, Crime,500,14661007.0,4.0
4087, Comedy,8491,30218387.0,2.0
4090, Fantasy,25842,0.0,3.5
4091, Adventure,2119,157920733.0,5.0
4097, Drama,702,8000000.0,5.0
4098, Horror,25750,0.0,4.5
4103, Science Fiction,1103,50244700.0,4.0
4143, Drama,4480,0.0,4.0
4147, Drama,49688,0.0,4.0
4148, Adventure,762,5028948.0,2.0
4187, Animation,531,0.0,4.0
4218, Mystery,4483,0.0,5.0
4222, Drama,659,0.0,4.0
4224, Drama,30892,0.0,3.5
4225, Comedy,892,1794187.0,3.0
4232, Drama,1600,1999955.0,0.5
4236, Drama,409,231976425.0,2.5
4237, Comedy,2469,0.0,3.5
4259, Documentary,31225,3779620.0,3.5
4261, Drama,510,108981275.0,0.5
4266, Adventure,1891,538400000.0,2.0
4267, Adventure,2493,30857814.0,3.5
4268, Adventure,85,389925971.0,4.0
4284, Comedy,68,0.0,4.0
4292, Horror,679,183316455.0,4.0
4293, Western,429,6000000.0,1.0
4302, Drama,389,1000000.0,4.0
4303, Adventure,947,69995385.0,4.0
4314, Science Fiction,185,26589000.0,3.0
4416, Crime,595,13129846.0,2.0
4592, Drama,28,89460381.0,5.0
4610, Western,335,5321508.0,2.0
4613, Adventure,1892,572700000.0,4.0
4636, Drama,144,3200000.0,3.0
4662, Thriller,1092,596349.0,2.5
4718, Drama,769,46836394.0,3.0
4719, Horror,348,104931801.0,3.5
4759, Fantasy,766,0.0,5.0
4768, Adventure,175,0.0,4.0
4791, Drama,539,32000000.0,3.0
4916, Drama,240,47542841.0,3.0
4921, Drama,600,46357676.0,4.0
4922, Drama,279,51973029.0,5.0
4926, Comedy,3109,0.0,4.0
4927, Comedy,703,38251425.0,3.0
4928, Drama,1398,0.0,3.0
4932, Action,387,85000000.0,4.0
4935, Comedy,343,0.0,3.0
4936, Fantasy,490,0.0,4.0
4950, Action,218,78371200.0,4.0
4965, Comedy,696,39946780.0,3.0
4967, Drama,379,5080409.0,3.0
4988, Drama,207,235860116.0,3.0
5016, Drama,1480,2247465.0,3.5
5022, Fantasy,422,0.0,5.0
5031, Crime,829,30000000.0,1.0
5038, Drama,828,0.0,3.0
5042, Action,3090,4307000.0,5.0
5048, Comedy,3063,0.0,2.0
5055, Horror,694,44017374.0,3.0
5065, Crime,235,52287414.0,3.0
5143, Drama,832,0.0,1.0
5219, Horror,765,5923044.0,2.0
5237, Romance,137,70906973.0,1.0
5238, Mystery,982,96105910.0,4.0
5242, Adventure,105,381109762.0,3.0
5290, Drama,1633,119418501.0,3.0
5298, Crime,1554,0.0,4.0
5304, Science Fiction,149,553171.0,5.0
5310, Adventure,8009,5900000.0,3.5
5311, Crime,903,16217773.0,5.0
5380, Comedy,3034,86273333.0,5.0
5409, Comedy,339,2015810.0,3.0
5510, Comedy,914,11000000.0,4.0
5561, Animation,756,83320000.0,3.0
5562, Western,288,8000000.0,2.0
5669, Crime,910,0.0,4.0
5735, Thriller,2640,1108462.0,5.0
5810, Action,665,146900000.0,3.0
5815, Adventure,89,474171806.0,3.0
5832, Drama,783,77737889.0,5.0
5881, Adventure,830,3250000.0,2.0
5907, Drama,2323,84431625.0,2.0
5908, Comedy,639,92823546.0,3.0
5913, Horror,571,11403529.0,4.0
5914, Horror,8851,0.0,2.0
5915, Romance,6114,215862692.0,3.5
5916, Horror,229,0.0,4.0
5928, Crime,1598,182300000.0,4.0
5932, Horror,7340,33800000.0,4.5
5933, Horror,377,25504513.0,3.0
6113, Fantasy,653,0.0,4.0
6175, Drama,145,3803298.0,3.5
6218, Action,2212,1179002.0,4.0
6219, Science Fiction,199,150000000.0,4.0
6222, Drama,64900,0.0,4.0
6223, Action,1573,240031094.0,4.0
6306, Science Fiction,152,139000000.0,4.0
6309, Science Fiction,174,96900000.0,2.0
6313, Science Fiction,172,70200000.0,1.0
6361, Action,154,96800000.0,4.0
6377, Science Fiction,157,87000000.0,2.0
6385, Science Fiction,168,133000000.0,3.0
6428, Action,364,280000000.0,3.0
6628, Romance,621,181813770.0,5.0
6631, Action,55687,0.0,3.0
6632, Comedy,378,29180280.0,5.0
6644, Comedy,2322,105232691.0,3.5
6651, Animation,3179,0.0,2.0
6662, Crime,4232,173046663.0,3.0
6676, Comedy,2928,119718203.0,4.0
6679, Drama,2892,0.0,3.5
6682, Action,8860,31987563.0,1.0
6693, Action,31000,0.0,2.5
6694, Comedy,4104,23202734.0,0.5
6696, Music,784,5770254.0,2.5
6755, Drama,1968,29481428.0,5.0
6872, Crime,66,50068310.0,1.0
6877, Drama,638,3675201.0,4.0
6878, Comedy,27322,0.0,3.5
6879, Comedy,1624,302710615.0,4.0
6880, Crime,4477,140807547.0,1.0
6881, Drama,105763,0.0,3.0
6882, Science Fiction,816,67683989.0,3.0
6883, Drama,2163,50159144.0,2.0
6892, Adventure,18,263920180.0,3.0
6918, Comedy,2058,34673095.0,2.5
6951, Adventure,330,229074524.0,2.0
6961, Drama,33660,0.0,4.0
6980, Action,1701,224012234.0,4.0
6996, Drama,26422,0.0,5.0
6997, Action,1639,164508066.0,2.0
7062, Action,415,238207122.0,2.0
7074, Comedy,8874,299288605.0,4.5
7144, Drama,266,528428.0,5.0
7217, Action,754,245676146.0,3.0
7220, Action,2142,44862187.0,3.5
7232, Science Fiction,8854,1686429.0,3.5
7233, Fantasy,4961,25480490.0,3.0
7234, Action,26180,0.0,3.5
7235, Action,1669,199200000.0,4.0
7236, Drama,468,0.0,4.0
7269, Crime,2118,126216940.0,4.0
7289, Drama,2649,109423648.0,5.0
7290, Comedy,2255,12021272.0,2.0
7295, Thriller,782,12532777.0,3.0
7301, Drama,1959,0.0,2.5
7331, Comedy,1281,251212670.0,1.0
7354, Drama,4995,43101594.0,4.5
7468, Crime,45928,0.0,4.0
7470, Adventure,563,121214377.0,3.0
7471, Comedy,2639,10686841.0,4.0
7481, Drama,489,225933435.0,4.0
7493, Crime,8197,25105255.0,4.5
7496, Comedy,6283,122417389.0,1.0
7512, Horror,4233,172363301.0,2.5
7513, Drama,597,1845034188.0,5.0
7660, Adventure,714,333011068.0,4.5
7671, Drama,62394,0.0,1.0
7677, Drama,547,186883563.0,4.0
7682, Comedy,184,39673162.0,4.0
7684, Action,32302,0.0,2.0
7685, Comedy,586,64256513.0,3.0
7814, Adventure,6116,100000000.0,4.5
7815, Romance,2923,0.0,4.0
7816, Comedy,2898,314178011.0,3.0
7818, Music,6970,0.0,4.0
7822, Thriller,617,67200000.0,1.0
7823, Crime,5910,0.0,1.0
7824, Drama,32456,2057193.0,3.0
7825, Action,8838,0.0,3.0
7830, Drama,267,1535558.0,3.0
7843, Adventure,6264,0.0,3.5
7846, Crime,4415,14096321.0,3.5
7847, Action,8656,140464664.0,2.5
7850, Science Fiction,929,379014294.0,4.0
7855, Adventure,1878,10680275.0,3.0
7856, Crime,1965,128038368.0,4.0
7888, Drama,312,0.0,3.0
7893, Mystery,846,189198313.0,4.0
7896, Romance,1389,77745568.0,1.0
7908, Drama,108548,0.0,3.0
7909, Action,95,553799566.0,1.5
8002, Action,944,285444603.0,3.0
8005, Mystery,473,3221152.0,1.0
8008, Romance,544,369884651.0,2.5
8017, Drama,3116,44785053.0,4.0
8018, Action,1051,41158757.0,3.0
8025, Drama,1366,117235147.0,5.0
8038, Drama,606,128499205.0,4.0
8044, Drama,746,43984230.0,2.0
8045, Drama,380,412800000.0,3.0
8243, Mystery,466,0.0,2.5
8302, Comedy,2108,51525171.0,3.0
8341, Horror,4488,59754601.0,3.0
8345, Horror,948,70000000.0,3.0
8356, Horror,41769,0.0,3.0
8357, Horror,609,122200000.0,3.0
8371, Adventure,941,120207127.0,4.5
8375, Action,942,227853986.0,3.5
8401, Adventure,943,321731527.0,4.0
8413, Fantasy,927,153083102.0,4.0
8418, Comedy,928,41482207.0,4.5
8441, Drama,19,650422.0,1.0
8533, Adventure,165,332000000.0,3.0
8675, Adventure,196,244527583.0,2.0
8730, Action,551,84563118.0,5.0
8820, Action,346,271841.0,3.0
8826, Action,841,30925690.0,4.0
8833, Crime,242,136766062.0,4.0
8837, Mystery,1411,1277401.0,3.0
8862, Documentary,1779,6706368.0,1.0
8881, Drama,678,0.0,5.0
8893, Drama,907,111858363.0,4.0
8904, Fantasy,5961,4971340.0,4.0
8906, Drama,2887,0.0,1.0
8908, Crime,793,8551228.0,4.0
8909, Science Fiction,97,33000000.0,4.0
8917, Comedy,2107,0.0,2.0
8927, Crime,227,33697647.0,2.0
8943, Adventure,87,333000000.0,3.0
8946, Fantasy,123,30471420.0,4.0
8953, Horror,2907,191502426.0,2.0
8959, Drama,4978,84542002.0,4.5
8964, Horror,805,33395426.0,3.5
9013, Comedy,2182,0.0,4.0
9015, Fantasy,4011,73326666.0,4.5
9110, Crime,1580,2200000.0,3.5
9300, Comedy,5854,7900000.0,4.0
9301, Crime,573,12600000.0,1.0
9302, Action,2370,6000000.0,4.0
9305, Mystery,5780,13000000.0,4.5
9309, Crime,506,7000000.0,3.0
9318, Adventure,574,10250000.0,3.0
9327, Crime,845,7000000.0,5.0
9328, Thriller,1978,0.0,1.0
9330, Music,3682,16757163.0,4.0
9337, Crime,117,76270454.0,4.0
9343, Drama,4175,0.0,3.0
9344, Mystery,940,0.0,4.0
9362, Drama,2762,0.0,3.5
9555, Thriller,2761,0.0,4.5
9597, Drama,8208,0.0,5.0
9598, Mystery,31930,0.0,4.0
9599, Drama,543,0.0,5.0
9651, Thriller,431,501818.0,3.0
9683, Drama,84116,0.0,4.0
9684, Comedy,3525,103173635.0,3.0
9689, Comedy,2321,21486757.0,3.5
9753, Comedy,2028,20036737.0,4.0
9944, Comedy,5971,0.0,4.5
9970, Drama,881,243240178.0,2.0
9974, Drama,4478,266614059.0,3.0
9980, Action,2109,244386864.0,5.0
10031, Action,8195,41610884.0,3.0
10034, Horror,1091,19629760.0,3.0
10061, Fantasy,162,53000000.0,4.0
10094, Adventure,8916,171757863.0,4.0
10101, Drama,3121,0.0,3.5
10102, TV Movie,4975,0.0,1.5
10139,,134368,0.0,4.5
10144, Thriller,4437,40400657.0,5.0
10148, Drama,1955,26010864.0,4.5
10179, Fantasy,2657,0.0,2.0
10242, Comedy,637,229400000.0,2.0
10271, Comedy,8675,0.0,5.0
10272, Drama,73,23875127.0,5.0
10285, Drama,3033,6451628.0,4.0
10343, Drama,4518,82150642.0,4.5
10345, Horror,3600,40002112.0,3.0
10349, Comedy,8336,0.0,3.5
10350, History,2042,0.0,3.5
10360, Drama,309,0.0,5.0
10363, Horror,692,6000000.0,2.0
10364, Thriller,1678,0.0,3.0
10385, Action,1680,0.0,4.0
10411, Action,244,10000000.0,3.0
10412, Comedy,8130,27400000.0,3.0
10414, Adventure,707,152427960.0,3.0
10441, Science Fiction,200,118000000.0,4.0
10442, Romance,1934,289317794.0,3.5
10451, Romance,8879,41410568.0,3.5
10456, Action,1369,300400432.0,3.0
10458, Action,1370,189015611.0,3.0
10524, Drama,1367,200182160.0,3.0
10561, Drama,1371,270000000.0,2.5
10608, Drama,1374,300473716.0,4.0
10680, Drama,1375,119946358.0,3.0
10734, Drama,1885,90815558.0,4.0
10758, Comedy,5825,71320000.0,4.0
10759, Drama,1363,0.0,4.0
10766, Action,2620,15945534.0,4.0
10769, Comedy,8388,0.0,4.0
10770, Drama,6187,0.0,5.0
10776, Drama,8129,0.0,2.0
10778, Drama,2112,161626121.0,3.0
10795, Comedy,1542,12827813.0,5.0
10800, Comedy,26425,0.0,3.5
10803, Action,2362,0.0,4.0
10807, Action,1688,9700000.0,4.0
10829, Action,1687,12348905.0,2.0
10850, Comedy,100,3897569.0,4.0
10871, Romance,1641,93888180.0,2.0
10935, Drama,8583,0.0,2.5
10936, Action,603,463517383.0,3.0
10937, Comedy,4951,53478166.0,3.0
10944, Comedy,8970,29000000.0,2.0
10981, Drama,1414,0.0,5.0
10991, Comedy,6522,73345029.0,3.0
10992, Drama,1902,368234.0,1.0
10994, Action,1946,2856712.0,4.0
11006, Romance,1844,212404396.0,4.0
11009, Thriller,6552,4152230.0,1.5
11019, Crime,3309,5638000.0,4.5
11021, Adventure,564,415885488.0,3.0
11022, Comedy,4927,870751.0,4.5
11023, Comedy,8785,0.0,3.5
11024, Action,1924,300218018.0,5.0
11033, Horror,30793,0.0,3.5
11080, Fantasy,3103,0.0,2.0
11083, Drama,3035,12000000.0,4.0
11100, Horror,3077,0.0,3.0
11109, Fantasy,3074,0.0,4.0
11115, Fantasy,3076,0.0,3.0
11119, Horror,3079,0.0,4.0
11126, Thriller,43391,0.0,3.0
11127, Horror,8974,2000000.0,2.5
11129, Romance,509,363889678.0,4.0
11207, Thriller,1090,18564088.0,4.0
11275, Crime,2275,149705852.0,4.5
11278, Action,104,7267585.0,4.0
11372, Action,8487,222104681.0,3.0
11374, Drama,2767,0.0,2.0
11376, Comedy,2105,235483004.0,4.0
11423, Drama,1073,0.0,5.0
11571, Mystery,345,162091208.0,3.0
11619, Comedy,620,295212467.0,2.5
11621, Comedy,2978,215394738.0,2.0
11629, Action,332,0.0,3.0
11639, Comedy,1812,2049595.0,3.0
11641, Action,8914,73648228.0,4.5
11653, Comedy,4806,309457509.0,4.0
11655, Drama,247,0.0,3.5
11698, Drama,802,9250000.0,1.0
11770, Drama,3175,20000000.0,5.0
11835, Drama,147,0.0,3.0
11856, Horror,48660,0.0,1.0
11857, Crime,3934,0.0,4.0
11858, Music,2115,0.0,5.0
11956, Drama,3526,5000000.0,4.0
11979, Mystery,745,672806292.0,5.0
12041, Drama,913,124305181.0,5.0
12103, Romance,912,0.0,5.0
12220, Comedy,813,83453539.0,3.0
12223, Fantasy,2280,151668774.0,3.0
12228, Comedy,850,19294144.0,5.0
12232, Action,2038,0.0,3.0
12240, Adventure,1911,61698899.0,2.0
12267, Drama,2900,19598588.0,3.0
12270, Comedy,6373,0.0,4.0
12320, Action,2162,11263966.0,4.0
12329, Comedy,4338,0.0,5.0
12331, Action,43832,0.0,3.0
12332, Drama,14,356296601.0,2.5
12363, Comedy,704,12299668.0,4.0
12369, Drama,1049,140081992.0,3.5
12390, Comedy,2290,0.0,4.0
12398, Action,6415,108000000.0,1.5
12399, Comedy,5622,0.0,4.5
12400, Action,861,261317921.0,4.0
12412, Drama,2457,0.0,4.0
12417, Western,4929,6800000.0,3.0
12422, Drama,851,0.0,4.0
12430, Comedy,3086,0.0,4.0
12435, Drama,535,92921203.0,3.0
12461, Drama,2731,0.0,5.0
12475, Action,1654,45300000.0,4.0
12477, Romance,5689,58853106.0,4.0
12478, Western,391,14500000.0,3.0
12481, Drama,550,100853753.0,3.0
12492, Comedy,1610,0.0,3.0
12589, Action,5548,53000000.0,4.0
12591, Adventure,709,156167015.0,4.0
12603, Adventure,253,161777836.0,4.0
12728, Fantasy,492,22863596.0,5.0
12749, Documentary,8672,0.0,3.5
12750, Drama,8056,0.0,2.5
12751, Comedy,2020,36911617.0,4.0
12785, Science Fiction,1694,2023414.0,3.0
12801, Crime,476,4729352.0,4.0
12802, Action,961,0.0,5.0
12803, Comedy,957,38119483.0,4.0
12804, Comedy,37853,0.0,3.5
12806, Comedy,1621,90400000.0,3.0
12808, Comedy,4203,7179298.0,2.0
12812, Comedy,2039,80640528.0,3.5
12813, Comedy,2690,0.0,5.0
12833, Drama,2668,206071502.0,2.0
12843, Comedy,99,67872296.0,5.0
12847, Comedy,25898,0.0,3.5
12848, Drama,26371,0.0,2.5
12849, Drama,596,0.0,5.0
12915, Drama,293,43440294.0,5.0
13047, Action,2924,152368585.0,4.5
13053, Comedy,177,41895491.0,2.0
13066, Fantasy,497,284600000.0,3.0
13126, Drama,1715,88545092.0,3.0
13127, Drama,334,48451803.0,4.0
13141, Thriller,26578,0.0,5.0
13142, Comedy,926,90683916.0,3.0
13180, Thriller,1213,128798265.0,5.0
13311, Comedy,632,0.0,5.0
13313, Crime,2990,29381956.0,3.5
13330, Drama,1883,48169908.0,4.0
13361, Music,2005,231605150.0,5.0
13412, Music,6279,57319029.0,4.0
13413, Action,7305,36733909.0,2.5
13414, Music,8872,121697323.0,3.5
13415, Music,8873,47965000.0,4.0
13441, Thriller,619,411006740.0,3.5
13445, Drama,1923,4160851.0,4.5
13568, Horror,4234,161834276.0,3.0
13574, Drama,1907,144056873.0,4.0
13616, Thriller,2787,53187659.0,4.0
13624, Comedy,2069,106371651.0,3.0
13633, Comedy,901,19181.0,5.0
13645, Thriller,2155,32168970.0,4.0
13655, Comedy,1831,24362772.0,2.0
13681, Crime,4816,0.0,3.0
13727, Comedy,2193,22587000.0,2.0
13769, Science Fiction,2067,60874615.0,4.5
13791, Drama,5693,28607524.0,3.5
13802, Comedy,287,50888000.0,3.0
13807, Crime,968,46665856.0,5.0
13834, Comedy,838,140000000.0,4.0
13875, Western,3114,0.0,3.5
14000, Drama,820,205405498.0,5.0
14001, Comedy,8989,49998613.0,3.0
14003, Action,32031,0.0,3.0
14016, Comedy,918,39321715.0,4.0
14030, Adventure,2383,138241022.0,5.0
14042, Drama,1396,0.0,5.0
14093, Drama,1541,45361000.0,2.0
14109, Drama,1713,32482682.0,3.0
14125, Drama,996,2500000.0,3.0
14133, Science Fiction,1498,202000000.0,5.0
14140, Science Fiction,1497,78000000.0,3.5
14143, Action,1499,42000000.0,3.0
14171, Action,1880,38376497.0,4.0
14173, Comedy,801,123922370.0,2.5
14185, Action,2085,91036760.0,5.0
14226, Drama,3082,8500000.0,3.0
14262, Adventure,2102,0.0,5.0
14269, Drama,990,7600000.0,2.5
14270, Science Fiction,840,303788635.0,3.0
14272, Science Fiction,26689,0.0,2.0
14273, Drama,2291,25965144.0,4.0
14362, Adventure,526,18432000.0,1.0
14363, Comedy,243,47126295.0,4.0
14364, Western,6644,6000000.0,0.5
14365, Adventure,879,300854823.0,3.0
14370, Drama,593,0.0,3.0
14674, Romance,2621,36609995.0,4.0
14678, Fantasy,2006,0.0,4.0
14733, Comedy,1552,126297830.0,3.0
14792, Thriller,1359,34266564.0,3.0
14803, Comedy,4967,37036004.0,5.0
14812, Drama,27857,0.0,0.5
14813, Action,3536,127666415.0,4.0
14831, Science Fiction,889,59468275.0,4.0
14832, Drama,452,7235.0,5.0
14840, Drama,5241,1547397.0,2.0
14842, Action,98,457640427.0,3.0
14843, Drama,5608,0.0,4.5
14849, Drama,2094,3000000.0,4.0
14881, Adventure,955,546388105.0,4.0
14911, Adventure,8584,56932305.0,4.5
14913, Adventure,962,2500000.0,2.0
14915, Fantasy,5483,0.0,4.0
14920, Adventure,668,81974493.0,4.5
14924, Adventure,691,185438673.0,4.0
14931, Action,698,210308099.0,3.0
14932, Comedy,499,0.0,3.0
14933, Crime,42002,0.0,4.0
14936, Documentary,21,0.0,3.0
15031, Drama,6003,38901218.0,1.5
15047, Crime,541,0.0,5.0
15193, Western,938,15000000.0,5.0
15204, Romance,2075,26657534.0,4.5
15207, Horror,26554,0.0,4.0
15209, Science Fiction,169,57120318.0,3.0
15217, Action,865,38122105.0,4.0
15218, Adventure,8810,24600832.0,2.0
15236, Action,1727,0.0,3.0
15243, Horror,635,17185632.0,5.0
15250, Adventure,482,12121618.0,0.5
15260, Crime,592,4420000.0,5.0
15456, Crime,5121,12800000.0,5.0
15459, Comedy,195,0.0,4.0
15473, Action,6978,11000000.0,2.5
15478, Crime,3133,0.0,5.0
15480, Action,479,107196498.0,2.0
15484, Animation,7450,36754634.0,2.0
15485, Comedy,2123,149270999.0,2.5
15495, Drama,2024,215294342.0,1.0
15498, Drama,2133,325756637.0,3.5
15520, Horror,25993,0.0,2.5
15521, Adventure,494,1458000.0,4.0
15582, Action,493,10000000.0,4.0
15605, Comedy,4247,278019771.0,1.0
15615, Comedy,1050,0.0,1.0
15624, Drama,1788,80035402.0,4.0
15628, Drama,2655,155464351.0,3.0
15629, Crime,93,0.0,1.0
15640, Crime,2360,26330482.0,2.0
15651, Drama,8420,0.0,4.0
15652, Drama,3110,20000000.0,4.0
15655, Horror,26865,0.0,4.5
15657, Comedy,1588,90449929.0,2.0
15674, Action,1619,19125401.0,5.0
15693, Drama,786,47383689.0,2.0
15762, Drama,16,40031879.0,3.5
15850, Comedy,469,0.0,4.0
15858, Adventure,2160,7000000.0,3.0
15894, Adventure,2161,12000000.0,5.0
15932, Comedy,911,0.0,4.0
15959, Crime,1485,0.0,4.5
16030, Comedy,1597,330444045.0,2.0
16074, Drama,6521,0.0,2.5
16075, Thriller,2134,0.0,3.5
16111, Drama,71,110000000.0,1.0
16118, Fantasy,1636,90383208.0,1.0
16120, Action,4327,264105545.0,4.5
16134, Fantasy,4958,39459427.0,1.0
16146, Thriller,8870,33463969.0,4.0
16151, Adventure,681,116019547.0,3.0
16152, Family,8871,345141403.0,3.5
16153, Adventure,146,213525736.0,5.0
16156, Action,2669,8613462.0,3.0
16159, Comedy,2609,49230280.0,3.0
16161, Action,708,191185897.0,3.0
16222, Thriller,107,83557872.0,2.0
16249, Comedy,392,152500343.0,1.0
16252, Comedy,8859,73180723.0,0.5
16254, Comedy,3981,374111707.0,1.0
16266, Drama,711,80049764.0,3.0
16275, Horror,2046,12008642.0,5.0
16292, Drama,5001,8524534.0,3.5
16293, Comedy,5994,0.0,3.5
16294, Comedy,1493,212000000.0,4.0
16295, Thriller,1900,207515725.0,3.5
16300, Crime,5955,29400000.0,3.5
16308, Drama,2613,22697691.0,3.0
16313, Comedy,2018,94728529.0,5.0
16347, Action,4639,4278150.0,1.0
16361, Action,96,299965036.0,1.0
16362, Horror,764,29400000.0,5.0
16363, Adventure,580,51881013.0,1.0
16366, Drama,318,0.0,5.0
16677, History,7093,0.0,0.5
16678, Drama,1921,65754228.0,4.0
16718, Action,6073,147845033.0,4.0
16719, Action,2749,56359980.0,4.0
16724, Drama,2302,0.0,4.5
16800, Comedy,32686,0.0,3.0
16801, Romance,1888,0.0,3.0
16816, Drama,2428,15473333.0,1.0
16838, Action,2453,7434726.0,3.0
16845, Comedy,4587,35419397.0,3.5
16852, Mystery,77,39723096.0,4.0
16854, Drama,2575,28008462.0,3.0
16863, Drama,55,20908467.0,4.0
16869, Crime,2043,105178561.0,3.0
16877, Crime,4133,83282296.0,2.0
16880, Comedy,56715,0.0,4.0
16885, Crime,26791,852206.0,5.0
16886, Drama,70282,0.0,3.5
16887, Action,111,65884703.0,4.0
17005, Action,2144,0.0,5.0
17051, Adventure,1734,433013274.0,4.0
17064, Drama,4973,0.0,4.0
17189, Fantasy,849,16519460.0,4.0
17217, Adventure,2981,0.0,5.0
17218, Drama,3784,22773535.0,3.0
17220, Drama,934,460226.0,3.5
17244, Adventure,808,484409218.0,3.5
17246, Drama,824,179213434.0,3.0
17249, Action,1406,179033791.0,1.0
17253, Thriller,1632,34604000.0,2.5
17254, Western,966,4905000.0,4.0
17255, Western,301,5800000.0,5.0
17256, Comedy,4988,0.0,3.0
17257, Horror,6498,0.0,2.0
17258, Action,5923,20000000.0,3.0
17260, Action,1089,83531958.0,5.0
17392, Comedy,759,0.0,5.0
17394, Adventure,1995,274703340.0,2.0
17402, Action,2140,64437847.0,5.0
17430, Comedy,4248,141220678.0,1.0
17432, Crime,3134,940944.0,1.0
17444, Drama,5991,0.0,1.0
17495, Drama,4789,0.0,5.0
17496, Drama,976,0.0,4.0
17498, Adventure,2114,85131830.0,5.0
17521, Comedy,8835,141774679.0,1.5
17522, Animation,58904,13651656.0,3.5
17523, Thriller,5333,670774.0,4.0
17524, Thriller,4281,960040.0,3.0
17525, Drama,2,0.0,2.0
17632, Action,3980,13167232.0,4.5
17646, Comedy,27397,16262415.0,4.0
17647, Fantasy,5680,5596267.0,4.0
17652, Comedy,26386,28202109.0,4.0
17654, Comedy,2617,43455230.0,1.0
17733, Comedy,3543,3587303.0,2.0
17755, Comedy,2605,40697761.0,1.0
17796, Action,8337,13008928.0,3.5
17805, Drama,47493,0.0,3.0
17806, Comedy,8463,4865997.0,2.5
17807, Comedy,26603,0.0,3.5
17809, Adventure,1648,40485039.0,5.0
17818, Action,4105,45892212.0,4.0
17842, Fantasy,3064,0.0,4.0
17845, Action,4925,8125592.0,3.0
17847, Music,2210,3916303.0,4.0
17848, Drama,1380,2777280.0,5.0
17938, Crime,505,7237794.0,2.0
17945, Drama,4486,0.0,4.0
17948, Mystery,4296,0.0,3.5
17952, Adventure,331,368780809.0,3.0
17958, Crime,327,15250000.0,4.0
17984, Thriller,869,362211740.0,2.0
17988, Drama,552,0.0,3.0
18038, Comedy,2171,295206.0,4.0
18042, Action,6951,71079915.0,4.0
18045, Comedy,2616,79258538.0,1.0
18072, Comedy,7091,725131.0,3.0
18081, Comedy,249,0.0,3.0
18101, Adventure,183,14278900.0,5.0
18102, Music,2148,25928721.0,1.0
18108, Thriller,2057,35402320.0,3.5
18112, Drama,1627,0.0,4.0
18123, Comedy,2770,287553595.0,1.0
18174, Horror,1933,0.0,5.0
18175, Drama,1722,62112895.0,3.5
18224, Comedy,2779,0.0,3.5
18245, Comedy,2294,33788161.0,2.0
18298, Drama,742,0.0,2.5
18304, Drama,2176,23619609.0,5.0
18316, Action,2034,104876233.0,4.0
18325, Comedy,248,5000000.0,3.0
18338, Thriller,1644,0.0,1.5
18368, Drama,166,0.0,2.0
18372, Crime,1623,37121708.0,3.0
18377, Thriller,1018,20117339.0,3.0
18387, Action,984,35976000.0,5.0
18389, Action,2100,27642707.0,5.0
18441, Thriller,3173,0.0,2.5
18466, Drama,167,50315140.0,4.0
18467, Fantasy,141,1270522.0,5.0
18560, Animation,585,562816256.0,5.0
18601, Adventure,671,976475550.0,4.0
18634, Action,1535,143049560.0,4.0
18639, Fantasy,1433,6459020.0,3.0
18640, Drama,1999,0.0,3.0
18643, Drama,269,0.0,3.0
18646, Drama,3537,21202829.0,4.0
18652, Science Fiction,3604,27107960.0,3.0
18657, Adventure,6974,0.0,4.0
18662, Thriller,299,0.0,5.0
18678, Thriller,161,450717150.0,3.0
18758, Drama,31682,0.0,4.5
18759, Crime,4886,0.0,3.5
18889, Drama,228,0.0,2.0
18890, Comedy,194,173921954.0,4.0
18914, Drama,1903,203388341.0,4.0
18916, Adventure,1649,0.0,2.0
18922, Drama,453,313542341.0,2.0
18927, Drama,5279,87754044.0,0.5
18930, Drama,1365,44909486.0,4.0
18935, Drama,6440,0.0,3.5
18958, Comedy,6037,0.0,3.0
18959, Drama,98491,0.0,5.0
18967, Comedy,26686,0.0,3.5
18968, Fantasy,848,14110013.0,5.0
18979, Action,4965,0.0,4.0
18984, Thriller,150,78868508.0,5.0
19184, Comedy,112,0.0,5.0
19233, Comedy,651,81600000.0,1.0
19234, Drama,2637,55157539.0,4.0
19235, Comedy,2084,0.0,4.0
19243, Drama,51044,0.0,4.0
19244, Romance,4267,0.0,4.0
19247, Drama,4031,0.0,2.0
19251, Drama,2441,0.0,3.0
19253, Thriller,931,0.0,1.0
19269, Comedy,480,0.0,4.0
19543, Drama,614,0.0,2.0
19545, Comedy,2752,0.0,3.0
19550, Drama,40723,0.0,2.0
19552, Horror,7219,0.0,4.0
19553, Science Fiction,2135,123729176.0,1.0
19565, Romance,965,0.0,3.5
19581, Action,44004,15934737.0,3.0
19587, Action,26843,0.0,5.0
19588, Adventure,8690,0.0,3.0
19589, Drama,3418,0.0,1.0
19634, Comedy,4499,0.0,4.0
19655, Animation,425,383257136.0,3.5
19659, Drama,1391,33616692.0,0.5
19739, Action,2371,0.0,4.0
19767, Drama,1791,9801375.0,4.0
19771, Comedy,62956,46352.0,3.5
19777, Action,5678,0.0,2.0
19778, Crime,548,96568.0,4.0
19787, Action,1537,94935764.0,3.0
19805, Drama,441,705308.0,4.0
19842, Fantasy,2565,39404261.0,3.0
19863, Drama,307,0.0,4.0
19894, Documentary,1282,0.0,5.0
19958, Drama,52717,0.0,3.5
19959, Drama,5203,0.0,4.0
19960, War,2894,0.0,3.0
19962, Action,45186,0.0,2.5
19983, Horror,5425,0.0,2.0
19984, Drama,245,129000000.0,3.0
19985, Adventure,1894,649398328.0,2.0
20008, Drama,4012,416925.0,2.0
20012, Drama,1957,51801187.0,3.5
20054, Crime,320,113714830.0,3.0
20058, Comedy,27834,0.0,4.5
20059, Western,39435,0.0,3.5
20063, Adventure,1936,0.0,5.0
20067, Thriller,4614,193000000.0,3.5
20070, Horror,7216,0.0,2.5
20073, Action,2501,214034224.0,4.0
20108, Action,4993,0.0,3.5
20308, Drama,103299,3206713.0,3.5
20310, Action,180,358372926.0,3.0
20354, Comedy,2022,171269535.0,4.0
20367, Action,608,441818803.0,5.0
20591, Animation,59387,11411644.0,3.0
20602, Drama,2721,83305.0,3.5
20608, Drama,8665,35168966.0,3.5
20682, Comedy,818,296655431.0,3.0
20696, Drama,6404,0.0,3.5
20697, Drama,3780,0.0,2.0
20698, Action,7451,277448382.0,3.5
20726, Comedy,2750,0.0,4.0
20748, Romance,3640,0.0,3.0
20750, Horror,3127,0.0,3.0
20756, Drama,32825,0.0,4.0
20758, Action,4108,43928932.0,4.0
20759, Horror,26680,0.0,3.5
20763, Drama,233,23000000.0,4.0
20776, Comedy,5506,0.0,4.0
20780, Drama,575,0.0,3.5
20794, Comedy,1958,0.0,3.5
20828, Fantasy,129,274925095.0,3.0
20829, Documentary,72308,0.0,4.0
20830, Drama,2110,0.0,3.0
20845, Fantasy,1682,0.0,4.0
20982, Mystery,4989,0.0,3.0
20984, Comedy,1809,0.0,3.0
20988, Documentary,1430,35564473.0,2.5
20989, Drama,40815,0.0,1.5
21048, Thriller,1613,14.0,3.0
21049, Horror,565,249348933.0,4.0
21051, Action,5917,0.0,1.5
21052, Drama,25773,0.0,4.0
21053, Drama,225,0.0,3.0
21105, Crime,5062,0.0,5.0
21106, War,265,0.0,5.0
21168, Romance,2264,0.0,2.0
21172, Action,1672,0.0,4.0
21187, Documentary,9012,64282312.0,4.0
21188, Action,1941,21750000.0,3.5
21194, Drama,65,215000000.0,5.0
21214, Drama,542,0.0,4.0
21233, Thriller,2165,0.0,4.0
21240, Action,53000,0.0,3.5
21254, Comedy,1377,0.0,3.0
21318, Drama,2528,1942423.0,3.0
21346, Adventure,26325,36565280.0,4.0
21347, Drama,31921,0.0,4.0
21348, Drama,64,51001550.0,2.0
21358, Drama,2103,30002758.0,3.0
21359, Science Fiction,7011,0.0,3.5
21360, Comedy,2757,32801173.0,2.0
21367, Action,7299,5359645.0,4.0
21368, Comedy,4241,0.0,2.5
21369, Comedy,171,0.0,4.0
21375, Comedy,7303,154906693.0,3.0
21380, Science Fiction,201,67312826.0,4.0
21381, Drama,2755,105834556.0,2.0
21383, Adventure,121,926287400.0,3.0
21388, Crime,1429,13060843.0,4.0
21401, Comedy,2642,93354918.0,1.0
21425, Drama,2149,13273595.0,3.0
21427, Fantasy,8392,0.0,2.0
21428, Comedy,31804,0.0,3.5
21429, Drama,4561,0.0,4.0
21430, Drama,640,352114312.0,3.0
21448, Drama,590,41597830.0,5.0
21650, Drama,423,120072577.0,3.0
21664, Comedy,262,0.0,5.0
21684, Comedy,4912,33013805.0,4.0
21694, Comedy,26393,11690.0,3.5
21695, Drama,1484,0.0,3.0
21698, Comedy,5968,0.0,3.0
21700, Action,1647,101191884.0,3.0
21706, Adventure,4628,0.0,5.0
21710, Comedy,3028,0.0,1.0
21714, Documentary,1563,30878.0,5.0
21715, Crime,2262,0.0,2.0
21732, Mystery,1956,0.0,4.0
21763, Romance,3426,0.0,4.0
21769, Comedy,2984,2000000.0,5.0
21770, Action,26172,0.0,4.0
21772, Comedy,4952,0.0,3.0
21774, Drama,991,0.0,3.0
21786, Action,4911,9237470.0,3.0
21789, Drama,102,0.0,3.0
21800, Drama,1591,0.0,4.0
21815, Comedy,455,76578641.0,3.0
21846, Horror,2671,8690429.0,4.0
21910, Drama,2525,0.0,2.0
21915, Documentary,51927,97000.0,3.0
21916, Crime,6016,0.0,2.0
21985, Romance,7294,0.0,3.0
21988, Horror,2662,16829545.0,4.0
22006, Crime,994,3251794.0,4.0
22028, Mystery,2832,90259536.0,3.0
22029, Drama,1816,14202899.0,2.5
22033, Drama,1555,3897799.0,4.0
22034, Action,5146,20440627.0,4.0
22045, Animation,12,940335536.0,3.0
22063, Documentary,2260,3117985.0,2.0
22065, Drama,1088,41400000.0,2.0
22118, Action,47423,4303351.0,0.5
22124, Adventure,6646,0.0,3.0
22127, Drama,26317,0.0,2.0
22128, Comedy,290,6153939.0,5.0
22144, Comedy,2470,0.0,4.0
22204, Crime,2263,6263883.0,3.0
22212, Drama,2527,0.0,4.0
22225, Romance,6643,0.0,4.5
22231, Mystery,2071,11511031.0,4.0
22239, Horror,170,82719885.0,2.5
22265, Romance,216,0.0,1.0
22307, Comedy,39231,0.0,4.0
22309, Drama,1927,245360480.0,3.0
22323, Action,296,435000000.0,4.0
22647, Thriller,302,22441323.0,3.0
22654, Adventure,22,655011224.0,2.5
22692, Drama,554,0.0,3.0
22694, Adventure,8961,273339556.0,2.0
22820, Action,1996,156505388.0,2.0
22824, Drama,4464,148336445.0,4.0
22829, Drama,4984,0.0,1.0
22830, Comedy,8273,231449203.0,4.0
22831, Drama,8094,20957001.0,4.5
22833, Action,78041,0.0,3.5
22837, Drama,833,0.0,3.0
22841, Action,3101,0.0,4.0
22890, Horror,6466,114908830.0,3.0
22894, Western,2055,68296293.0,4.0
22895, Comedy,2771,6003587.0,1.0
22899, Drama,48791,0.0,5.0
22900, Music,3055,50000000.0,3.0
22902, Horror,26198,3661757.0,3.5
22904, Comedy,936,10878107.0,4.0
22917, Comedy,4593,0.0,2.0
22918, Drama,2891,0.0,1.0
22924, Drama,38304,0.0,4.0
22927, Drama,513,501533.0,1.0
22933, Comedy,333,0.0,3.0
22983, Romance,2722,0.0,2.0
23017, Comedy,1415,742898.0,3.0
23019, Action,1428,98185582.0,5.0
23020, Drama,153,119723856.0,4.0
23149, Drama,4703,0.0,3.0
23152, Comedy,2687,14358033.0,5.0
23180, Fantasy,277,95708457.0,4.5
23215, Documentary,61401,0.0,3.0
23216, Comedy,321,3031801.0,5.0
23223, Drama,20,9726954.0,1.5
23236, Documentary,5168,0.0,4.5
23239, Horror,837,2120439.0,4.0
23257, Documentary,1358,0.0,2.0
23323, History,2200,0.0,4.0
23324, Drama,891,70600000.0,3.0
23333, Crime,650,57504069.0,5.0
23341, Comedy,4543,0.0,3.0
23342, Action,6723,21633874.0,3.5
23343, Crime,26850,221295.0,3.0
23344, Drama,3087,0.0,2.0
23374, Thriller,2116,55495563.0,3.0
23393, Comedy,1584,131282949.0,4.0
23485, Drama,2056,8679814.0,3.5
23486, Thriller,322,156822020.0,2.5
23500, Action,24,180949000.0,3.5
23534, Comedy,1550,0.0,3.0
23535, Drama,1807,10012022.0,1.5
23537, Crime,1376,0.0,3.0
23602, Comedy,2348,616938.0,4.0
23613, Horror,3117,0.0,3.0
23617, Drama,897,170215.0,4.0
23621, Drama,224,0.0,4.0
23656, Comedy,43708,320092.0,3.5
23657, Adventure,605,424988211.0,4.0
23676, Romance,1277,585604.0,3.5
23687, Drama,1836,0.0,2.0
23696, Comedy,508,244931766.0,4.0
23782, Horror,4970,141591324.0,4.0
23791, Drama,470,60427839.0,3.0
23794, Action,1702,1422749.0,3.0
23810, Drama,4823,28590665.0,2.5
23829, Drama,5000,10188.0,3.5
23830, Drama,780,0.0,3.0
24048, Drama,234,0.0,4.0
24060, Drama,899,0.0,5.0
24124, Action,5227,0.0,1.0
24125, Action,8010,15556340.0,4.0
24127, Comedy,2297,0.0,4.0
24140, Comedy,951,201957688.0,5.0
24166, Mystery,5765,0.0,5.0
24167, Drama,1643,36144000.0,4.0
24177, Drama,2007,7286388.0,2.0
24178, Fantasy,2612,15379253.0,3.0
24187, Thriller,3112,0.0,5.0
24190, Comedy,2611,21830957.0,5.0
24194, Drama,3176,25000000.0,3.5
24260, Action,2047,0.0,4.0
24261, Drama,1626,24517.0,1.0
24264, Comedy,483,14560247.0,1.0
24268, Comedy,3681,0.0,3.5
24282, Drama,898,3100000.0,5.0
24319, Adventure,2000,0.0,5.0
24409, Drama,648,0.0,4.0
24577, Drama,4024,0.0,2.5
24581, Western,3089,9012000.0,3.0
24604, Comedy,1594,12368234.0,2.0
24618, Action,916,42300873.0,1.0
24644, Drama,1976,0.0,4.0
24650, Romance,31685,0.0,0.5
24674, Music,3062,2281000.0,4.0
24685, Drama,79,177394432.0,2.0
24711, Romance,987,0.0,3.0
24712, Adventure,81,3301446.0,3.0
24730, Mystery,42740,0.0,2.5
24731, Horror,4368,0.0,0.5
24735, Drama,3596,0.0,1.0
24736, Comedy,120637,0.0,1.5
24738, Comedy,255,0.0,5.0
24743, Drama,616,456758981.0,3.0
24785, Adventure,587,122919055.0,3.0
24911, Drama,6964,266728738.0,3.5
24912, Comedy,1792,33828318.0,3.0
24934, Drama,3635,31466789.0,3.5
24956, Adventure,122,1118888979.0,3.0
24975, Comedy,47952,0.0,3.0
24976, Crime,504,60378584.0,3.0
24981, Drama,2289,173013509.0,5.0
25025, Adventure,42418,0.0,3.5
25029, Drama,31026,0.0,4.5
25030, Comedy,5966,171963386.0,2.5
25031, Drama,1937,0.0,3.0
25035, Drama,26712,0.0,5.0
25039, Drama,1882,0.0,1.5
25067, Comedy,427,0.0,3.0
25081, Drama,3022,0.0,4.5
25095, Comedy,778,0.0,4.0
25219, Drama,3088,0.0,2.5
25238, Action,980,0.0,1.0
25239, Documentary,5205,0.0,3.5
25240, Action,2017,0.0,5.0
25247, Drama,405,0.0,2.0
25263, War,5055,0.0,3.0
25271, Drama,27329,0.0,4.0
25274, Science Fiction,1954,96060858.0,5.0
25343, Drama,1278,15121165.0,5.0
25417, Action,7008,0.0,3.5
25422, Comedy,1824,196482882.0,5.0
25425, Drama,337,11576431.0,4.0
25513, Drama,43376,0.0,3.0
25516, Action,2099,16209459.0,4.0
25526, Action,6470,0.0,3.0
25527, Drama,615,611899420.0,3.0
25529, Comedy,338,79384880.0,3.0
25544, Western,2023,108103450.0,1.5
25579, Thriller,1586,92913171.0,3.5
25606, Comedy,156,0.0,5.0
25617, Fantasy,924,102356381.0,4.0
25740, Science Fiction,38,72258126.0,1.0
25742, Comedy,5516,0.0,1.0
25743, Crime,553,16680836.0,3.0
25800, Fantasy,1487,99318987.0,5.0
25808, Comedy,2122,26155781.0,2.0
25819, Horror,923,55000000.0,5.0
25904, War,2587,0.0,2.0
25909, Action,3591,0.0,3.0
25927, Comedy,26176,0.0,3.0
25928, Horror,68347,0.0,4.5
25930, Comedy,2098,0.0,1.0
25932, Action,393,152159461.0,3.0
25937, Drama,237,2500000.0,3.5
25971, Horror,7131,300257475.0,3.5
25972, Comedy,42015,0.0,3.5
25975, Documentary,132,0.0,4.0
25983, Comedy,4339,0.0,4.0
25987, Drama,5247,0.0,3.0
25993, Drama,502,0.0,3.0
26009, Drama,1373,0.0,2.0
26034, Action,667,111584787.0,5.0
26037, Adventure,700,187500000.0,3.0
26044, Fantasy,44864,0.0,2.5
26045, Drama,633,0.0,5.0
26048, Drama,294,2400000.0,3.0
26051, Drama,1162,2500000.0,4.0
26056, Thriller,988,51718367.0,2.5
26060, Drama,204,0.0,4.0
26091, Comedy,5248,0.0,1.0
26093, Drama,2786,0.0,2.0
26095, Drama,26133,0.0,2.5
26099, Drama,2817,0.0,1.0
26102, Drama,1394,0.0,3.0
26172, Drama,1719,0.0,5.0
26195, Drama,781,0.0,5.0
26199, Drama,3777,0.0,3.5
26201, Drama,1926,0.0,2.0
26202, Fantasy,4923,0.0,4.0
26203, Romance,465,0.0,5.0
26208, Action,876,0.0,5.0
26209, Comedy,1583,0.0,2.0
26211, Horror,31952,0.0,4.5
26214, Western,336,0.0,3.0
26215, Action,5927,0.0,4.0
26219, Horror,3075,0.0,3.5
26224, Drama,5521,0.0,0.5
26225, Documentary,222,0.0,5.0
26247, Adventure,1059,0.0,5.0
26305, Thriller,3547,0.0,4.0
26309, Horror,5481,0.0,2.0
26354, Drama,7090,447741.0,3.0
26387, Documentary,42632,0.0,4.0
26390, Drama,5902,50750000.0,4.0
26432, Drama,4552,0.0,4.0
26436, Comedy,26326,0.0,4.5
26441, Action,42725,0.0,3.5
26444, Comedy,4291,0.0,3.0
26453, Drama,113,6502364.0,2.0
26458, Comedy,3001,0.0,2.0
26459, Comedy,62383,0.0,3.5
26460, Drama,203,3000000.0,3.0
26483, Action,26268,12000000.0,4.0
26484, Comedy,316,0.0,2.0
26629, Drama,3072,0.0,4.0
26666, Action,250,0.0,5.0
26670, Comedy,43267,0.0,5.0
26671, Drama,42013,0.0,2.0
26673, Drama,631,121.0,3.0
26683, Crime,48385,0.0,4.5
26727, Comedy,439,19516000.0,1.0
26728, Comedy,2546,0.0,3.0
26736, Drama,5165,0.0,4.0
26739, Drama,5544,0.0,4.0
26742, Comedy,42728,0.0,3.0
26743, Drama,5071,0.0,5.0
26744, Adventure,1994,0.0,5.0
26782, Drama,870,0.0,3.0
26785, Adventure,809,919838758.0,3.0
26789, Action,435,544272402.0,1.0
26844, Adventure,673,789804554.0,1.0
26894, Adventure,246,0.0,5.0
26955, Action,2789,115772733.0,3.0
26960, Animation,8920,200804534.0,3.5
26961, Drama,26886,0.0,3.0
26962, Comedy,46976,0.0,3.5
27002, Mystery,831,0.0,4.0
27004, Romance,662,0.0,3.0
27013, Romance,8341,0.0,5.0
27015, Drama,886,15260000.0,1.5
27016, Horror,3019,0.0,4.0
27043, Drama,3515,490964.0,4.0
27048, Comedy,594,219417255.0,5.0
27119, Drama,8981,0.0,5.0
27138, Drama,1944,0.0,4.0
27158, Adventure,1997,62172050.0,3.5
27222, Action,2330,268254.0,5.0
27225, Action,2334,65497208.0,3.0
27241, Drama,2912,0.0,4.0
27258, Adventure,2202,0.0,5.0
27269, Adventure,3484,0.0,0.5
27280,,1777,119114517.0,4.0
27350, Action,558,783766341.0,3.0
27359, Drama,80,15992615.0,5.0
27363, Comedy,8699,90574188.0,5.0
27364, Action,2048,347234916.0,4.5
27368, Drama,436,0.0,3.0
27373, Action,2502,288500217.0,3.5
27479, Action,314,82102379.0,4.0
27496, Drama,1040,0.0,4.0
27497, Drama,5122,0.0,4.0
27498, Action,1783,0.0,4.0
27501, Comedy,31522,100655.0,4.0
27503, Drama,5179,0.0,5.0
27505, Action,4201,0.0,5.0
27506, Thriller,69526,0.0,3.0
27518, Drama,6947,256697520.0,1.0
27552, Comedy,401,26781723.0,4.0
27553, Drama,2577,0.0,3.0
27556, Crime,60760,0.0,3.5
27558, Comedy,8745,0.0,3.5
27559, Comedy,32298,0.0,3.5
27560, Drama,124,0.0,3.0
27561, Mystery,5137,57958696.0,4.5
27563, Drama,2003,0.0,2.0
27610, Drama,1653,16756372.0,3.0
27694, Horror,747,30039392.0,3.5
27696, Horror,27816,0.0,2.5
27697, Horror,27815,0.0,4.0
27703, Adventure,8689,0.0,4.0
27704, Comedy,1599,0.0,1.0
27708, Drama,4380,170128460.0,2.0
27711, Music,3989,50907422.0,3.0
27716, Music,2438,0.0,4.0
27717, Comedy,3053,0.0,2.0
27727, Horror,1970,183474602.0,4.0
27732, Thriller,4553,8203235.0,4.5
27735, Horror,176,103911669.0,4.0
27753, Adventure,5255,305875730.0,3.0
27757, Drama,866,116766556.0,3.0
27784, Drama,4251,29385320.0,4.0
27787, Adventure,2059,347451894.0,3.5
27805, Crime,140,40266982.0,3.0
27828, War,1966,167298192.0,5.0
27840, Drama,2288,115505027.0,3.0
27873, Thriller,163,362744280.0,2.0
27936, Science Fiction,25952,0.0,4.5
27938, Drama,3016,0.0,3.0
27953, Horror,2972,0.0,1.0
27955, Fantasy,992,0.0,2.0
27957, Drama,3060,22000000.0,5.0
27978, Drama,1405,0.0,1.0
28024, Drama,964,0.0,2.0
28026, Drama,939,0.0,4.0
28027, Documentary,697,0.0,4.0
28030, Drama,905,0.0,3.5
28055, Drama,3061,0.0,4.0
28066, Drama,626,0.0,2.0
28067, Drama,27899,0.0,4.0
28069, Romance,5729,7940.0,3.0
28071, Thriller,3574,0.0,0.5
28073, Romance,875,0.0,4.0
28075, Drama,779,0.0,0.5
28079, Adventure,3031,0.0,3.0
28080, Romance,43904,0.0,2.5
28081, Thriller,55207,0.0,4.0
28082, Drama,26701,0.0,4.0
28083, Crime,3766,0.0,3.0
28086, Drama,946,0.0,4.0
28096, Drama,4558,0.0,3.0
28107, Crime,800,0.0,5.0
28142, Drama,3111,0.0,5.0
28151, History,803,0.0,4.5
28153, Drama,31374,0.0,4.0
28155, Drama,56156,0.0,1.5
28158, War,34528,0.0,4.0
28160, Drama,31427,0.0,4.5
28161, Crime,690,0.0,4.0
28162, Drama,750,0.0,4.0
28267, War,34530,0.0,2.0
28269, Drama,3010,0.0,4.0
28271, Drama,4025,0.0,4.5
28324, Horror,3763,0.0,2.0
28345, Drama,7348,0.0,2.0
28352, Family,2661,0.0,4.0
28354, Horror,2097,0.0,3.0
28360, Documentary,135,0.0,4.0
28387, Mystery,4191,44566.0,1.0
28393, Drama,5638,0.0,3.0
28394, Crime,1846,0.0,4.0
28396, Drama,2860,0.0,3.0
28406, Crime,26606,0.0,4.0
28408, Drama,2998,1000000.0,4.0
28409, TV Movie,839,0.0,5.0
28420, Adventure,40732,0.0,4.0
28427, Comedy,760,0.0,5.0
28430, Comedy,1410,0.0,2.0
28434, Drama,5558,0.0,2.5
28435, Horror,3043,0.0,1.0
28436, Drama,8327,0.0,4.0
28438, Romance,5618,0.0,1.5
28501, Crime,1835,2000000.0,3.5
28524, Drama,3870,0.0,3.0
28525, Drama,1660,0.0,3.0
28527, Comedy,6476,0.0,3.0
28529, Adventure,26842,0.0,4.0
28531, Comedy,5651,0.0,2.5
28534, Science Fiction,6341,42313354.0,3.0
28536, TV Movie,7012,0.0,2.0
28537, Action,232,2494480.0,4.0
28561, Drama,30707,6472990.0,4.5
28626, Adventure,1884,0.0,4.0
28670, Documentary,33138,0.0,5.0
28672, Comedy,26555,12308521.0,1.0
28675, Comedy,4043,0.0,3.0
28677, Drama,49314,0.0,3.5
28678, Comedy,4271,0.0,4.0
28681, Science Fiction,2927,0.0,4.0
28683, Drama,31923,0.0,4.0
28685, Fantasy,1483,0.0,3.0
28694, Documentary,4539,0.0,3.0
28695, Mystery,31696,15429177.0,3.5
28720, Drama,5048,1750301.0,3.5
28725, Drama,47714,0.0,3.0
28726, Drama,5051,0.0,2.5
28728, Comedy,5187,0.0,4.0
28731, Animation,8983,0.0,2.5
28748, Drama,2460,0.0,4.0
28753, Thriller,8765,0.0,4.0
28754, Action,5470,1531251.0,3.0
28759, Comedy,1283,0.0,3.0
28780, Adventure,7096,0.0,5.0
28782, Crime,344,0.0,3.5
28957, Action,2487,0.0,3.0
28958, Adventure,3716,0.0,3.0
28960, Drama,5458,0.0,1.0
28962, Fantasy,844,19271312.0,3.0
28963, Drama,2463,0.0,4.0
28983, Drama,52666,0.0,2.5
28987, Crime,467,0.0,2.0
28990, Family,2899,111127553.0,4.0
28993, Drama,3577,0.0,3.5
28997, War,2440,0.0,4.0
29001, Drama,41714,0.0,3.5
29002, Fantasy,919,0.0,5.0
29119, Comedy,211,0.0,4.0
29122, Thriller,2191,0.0,0.5
29123, Thriller,437,0.0,3.0
29127, Comedy,4592,0.0,1.0
29128, Drama,2111,0.0,3.0
29141, Action,4612,0.0,4.5
29143, Comedy,4326,0.0,5.0
29154, Action,3177,0.0,1.0
29160, Comedy,4972,0.0,3.0
29162, Drama,2841,0.0,4.0
29184, Drama,363,11030861.0,5.0
29189, Comedy,4254,13200241.0,3.5
29194, Drama,670,14980005.0,4.5
29197, Drama,1913,38535221.0,3.0
29204, Comedy,2539,55041367.0,2.0
29255, Drama,5528,0.0,1.0
29274, Documentary,1114,0.0,3.0
29277, Crime,179,162944923.0,2.0
29283, Drama,83,54667954.0,3.0
29286, Drama,4836,11850214.0,3.0
29288, Comedy,3396,0.0,3.5
29323, Drama,1404,0.0,4.0
29327, Romance,464,0.0,4.0
29336, Drama,1126,0.0,3.0
29347, Documentary,1392,3515061.0,3.0
29355, Documentary,291,3166000.0,1.0
29361, Drama,5460,0.0,4.0
29365, Comedy,4896,0.0,3.5
29470, Animation,3509,7659918.0,3.0
29473, Comedy,986,0.0,3.5
29487, Drama,70,216763646.0,1.0
29535, Drama,205,38000000.0,4.0
29539, Adventure,118,474968763.0,3.0
29544, Drama,1280,0.0,3.0
29563, Adventure,421,34808403.0,2.0
29574, Drama,2567,102000000.0,1.0
29595, Comedy,1901,0.0,3.0
29596, Drama,842,3537961.0,2.0
29599, Comedy,79008,0.0,4.5
29603, Action,34326,0.0,4.0
29605, Drama,59143,0.0,3.0
29606, Crime,2091,0.0,5.0
29609, Crime,8422,0.0,3.0
29610, Science Fiction,26581,0.0,2.0
29611, Comedy,342,0.0,3.0
29667, Drama,613,92180910.0,4.0
29680, Drama,273,0.0,4.0
29707, Thriller,8968,67192859.0,3.0
29710, Comedy,6961,47175038.0,2.5
29712, Drama,2517,0.0,2.0
29720, War,661,0.0,4.0
29773, Action,2436,2341309.0,3.0
29781, Comedy,42011,0.0,3.0
29793, Action,7454,0.0,3.0
29809, Documentary,41569,0.0,4.0
29832, Drama,561,230884728.0,3.0
29833, Drama,8340,0.0,4.5
29836, Drama,6414,0.0,3.5
29837, Thriller,1942,0.0,4.0
29843, Fantasy,3040,32000000.0,5.0
29849, Action,2926,0.0,5.0
29870, Drama,4710,0.0,4.0
29872, Drama,4974,0.0,2.0
29885, Comedy,258,0.0,1.0
29896, War,8016,0.0,2.5
29898, Crime,4235,0.0,4.0
29928, Drama,26,0.0,3.0
29933, Mystery,2026,77944725.0,3.0
29938, Fantasy,3115,0.0,4.0
29941, Action,6593,0.0,1.0
29955, Drama,1918,0.0,2.0
29997, Drama,1093,263404.0,2.0
30033, Mystery,438,0.0,3.0
30035, Romance,1589,0.0,2.0
30054, Action,540,0.0,1.5
30072, Drama,32078,0.0,3.0
30073, Comedy,158,0.0,2.0
30131, Drama,1772,0.0,4.0
30146, Action,187,158733820.0,3.0
30149, Comedy,2029,0.0,5.0
30154, Comedy,49225,0.0,3.5
30155, Drama,3875,0.0,2.5
30156, Drama,74948,0.0,4.0
30159, Adventure,775,0.0,2.0
30160, Crime,69069,0.0,4.0
30163, Adventure,7453,104478416.0,3.0
30164, Romance,6183,0.0,4.0
30167, Drama,1495,211643158.0,1.0
30169, Drama,1640,98410061.0,1.0
30170, Drama,26614,0.0,5.0
30183, Drama,26810,0.0,2.0
30185, Drama,1566,0.0,4.0
30217, Drama,37720,0.0,3.0
30219, Drama,1279,0.0,4.0
30231, Science Fiction,1895,850000000.0,2.5
30245, Drama,27,1574623.0,3.0
30252, Family,953,532680671.0,3.0
30324, Romance,921,108539911.0,4.0
30344, Action,787,478207520.0,5.0
30346, Comedy,3011,0.0,4.0
30356, Action,272,374218673.0,3.0
30395, Documentary,2287,0.0,5.0
30401, Comedy,1382,0.0,1.0
30403, Drama,276,0.0,1.0
30425, Comedy,2151,0.0,3.5
30430, Crime,26323,0.0,4.5
30431, Thriller,2095,0.0,3.0
30435, Adventure,74,591739379.0,2.0
30454, Thriller,4889,0.0,4.0
30461, Documentary,1667,127392239.0,3.0
30469, Comedy,1826,23727301.0,1.0
30471, War,36401,0.0,2.0
30482, Action,1635,162949164.0,4.0
30499, Drama,1696,0.0,2.0
30500, Drama,1665,1928985.0,3.5
30508, Horror,5237,0.0,4.0
30512, Comedy,308,45742101.0,4.0
30534, Drama,5319,0.0,3.5
30539, Comedy,1444,0.0,4.0
30540, Documentary,501,0.0,5.0
30555, Comedy,6957,109449237.0,4.0
30574, Thriller,1917,0.0,4.0
30687, Mystery,445,36000000.0,3.0
30696, Adventure,4442,105316267.0,5.0
30697, Drama,1985,82466670.0,2.0
30702, Horror,7182,0.0,3.0
30703, Comedy,340,2697930.0,3.0
30711, Comedy,1546,1919197.0,4.0
30713, Drama,51277,0.0,4.5
30715, Romance,1676,0.0,4.0
30787, Adventure,8814,55987321.0,1.0
30788, Comedy,3118,0.0,4.0
30790, Action,2125,0.0,4.0
30818, Drama,1947,18618284.0,4.0
30863, Drama,49220,0.0,3.5
30865, Crime,8643,144216468.0,3.0
30869, Romance,3933,117195061.0,0.5
30870, Crime,8923,3154346.0,4.5
30872, Drama,59,60740827.0,5.0
30874, Crime,257,42093706.0,4.0
30887, Action,647,0.0,1.5
30918, Comedy,349,0.0,4.0
31033, Adventure,533,192452832.0,3.0
31039, Action,5236,15785148.0,1.0
31040, Action,5471,92076.0,3.0
31041, Drama,3527,0.0,3.0
31094, Drama,26513,0.0,2.5
31095, Comedy,2610,11588205.0,4.0
31099, Documentary,41566,0.0,4.0
31148, Comedy,6963,12482775.0,4.0
31149, Horror,215,152925093.0,4.5
31167, Comedy,2313,0.0,3.5
31195, Mystery,5335,0.0,2.0
31196, Drama,3554,0.0,3.0
31199, Drama,1951,674918.0,3.0
31213, Action,25763,8720000.0,2.0
31214, Comedy,259,0.0,3.0
31219, Drama,25,96889998.0,3.0
31320, Horror,5620,0.0,0.5
31342, Drama,231,94000000.0,3.5
31500, Drama,8999,57479076.0,4.0
31501, Adventure,674,895921036.0,3.0
31522, Drama,69,186438883.0,4.5
31544, Drama,1833,31670620.0,2.0
31555, Drama,1420,0.0,5.0
31556, Action,9005,0.0,2.5
31557, Action,7010,0.0,3.5
31559, Action,2153,0.0,5.0
31572, Drama,116,85306374.0,4.0
31578, Adventure,254,550000000.0,3.0
31582, Drama,1904,162242962.0,3.5
31586, Fantasy,2008,0.0,1.0
31587, Drama,917,0.0,4.0
31595, Drama,84847,0.0,4.0
31597, Comedy,8290,0.0,0.5
31598, Drama,612,130358911.0,3.0
31604, Drama,546,13350369.0,1.0
31621, Comedy,2800,88933562.0,3.0
31622, Drama,4495,0.0,3.0
31626, Adventure,43899,0.0,3.0
31627, Action,6935,0.0,4.0
31630, Drama,4550,23803308.0,2.0
31631, Drama,6934,0.0,1.5
31685, Horror,1690,80578934.0,3.0
31730, Fantasy,834,111340801.0,3.0
31731, Drama,26782,0.0,3.0
31732, Thriller,4772,0.0,5.0
31736, Drama,2455,0.0,2.5
31783, Drama,2117,0.0,4.5
31796, Action,1969,10496317.0,0.5
31804, Drama,97936,0.0,3.0
31806, Horror,17,0.0,5.0
31892, Thriller,45726,0.0,2.5
31894, Comedy,30712,0.0,4.0
31896, Comedy,292,11718595.0,3.0
32006, Drama,77291,0.0,5.0
32007, Drama,1544,2455831.0,3.0
32074, Action,2207,65664721.0,4.0
32075, Comedy,6877,128406887.0,4.0
32076, Animation,950,660940780.0,4.0
32093, Drama,4173,0.0,3.5
32094, Drama,1967,0.0,3.0
32130, Crime,388,184376254.0,4.0
32136, Science Fiction,25874,0.0,0.5
32138, Crime,1379,1615018.0,4.0
32152, Drama,582,70000000.0,4.0
32153, Drama,52885,0.0,4.0
32164, Drama,186,56308881.0,3.0
32212, Drama,8410,0.0,4.0
32213, Comedy,219,85582407.0,4.0
32217, Crime,3093,38629478.0,5.0
32224, Comedy,460,0.0,2.0
32226, Comedy,8998,13368437.0,3.5
32230, Drama,4441,2077763.0,3.0
32233, Thriller,84954,0.0,1.0
32245, Drama,2652,7022209.0,4.0
32247, Comedy,1629,30857.0,1.0
32252, Action,5820,77920346.0,4.5
32255, Horror,588,97607453.0,3.0
32470, Action,8982,27165581.0,3.5
32471, Adventure,956,397850012.0,4.0
32474, Thriller,1416,0.0,3.0
32496, Animation,920,461983149.0,3.5
32564, Action,26116,0.0,3.5
32566, Drama,806,119188334.0,1.0
32575, Romance,2044,114830111.0,3.0
32579, Comedy,350,326551094.0,4.0
32649, Adventure,58,1065659812.0,3.0
32694, Comedy,1819,130431368.0,5.0
32695, Comedy,2295,26888376.0,4.0
32697, Fantasy,4474,60896147.0,3.0
32703, Drama,1887,60474340.0,2.0
32709, Mystery,1841,0.0,4.0
32713, Drama,1611,0.0,5.0
32725, Comedy,410,0.0,3.0
32798, Action,4375,0.0,4.0
32799, Drama,8008,0.0,3.0
32802, Documentary,7872,0.0,2.5
32803, Drama,1164,135330182.0,1.0
32804, Adventure,71282,0.0,2.5
32807, History,43838,0.0,3.5
32808, Action,326,62022014.0,5.0
32815, Comedy,512,31584901.0,4.0
32817, Action,1593,574480841.0,3.5
32824, Drama,1852,162945894.0,3.0
32825, Comedy,1262,53653224.0,1.5
32874, Action,82,163794509.0,5.0
32884, Drama,1986,0.0,4.0
32886, Romance,2805,0.0,2.5
32909, Action,1948,42931041.0,4.0
32921, Drama,148,0.0,4.0
32922, Drama,1023,0.0,4.0
32939, Drama,2168,0.0,4.5
32943, Drama,1165,123384128.0,1.5
32944, Drama,64499,0.0,5.0
32946, Adventure,271,0.0,3.0
32950, Horror,5072,0.0,2.5
32953, Drama,2566,0.0,3.0
32954, Drama,1249,16803753.0,3.0
32993, Drama,1963,0.0,4.0
33003, Drama,1381,15304890.0,3.0
33022, Comedy,300,9524340.0,3.0
33112, Drama,390,0.0,3.0
33117, Drama,1595,0.0,0.5
33120, Drama,1717,9450897.0,4.0
33152, History,2753,203781.0,1.0
33155, Comedy,496,261572744.0,2.0
33158, Fantasy,1417,83258226.0,2.0
33159, Action,4643,55011732.0,3.0
33203, Adventure,7484,197309027.0,4.0
33206, Drama,1422,289847354.0,4.0
33221, Thriller,8332,0.0,3.5
33222, Adventure,3593,0.0,4.0
33241, Horror,1975,39143839.0,2.0
33250, Documentary,39183,0.0,4.5
33279, Drama,86,0.0,4.0
33296, Romance,1440,14821658.0,3.0
33300, Drama,1523,48027970.0,4.0
33302, Romance,1378,5179037.0,4.0
33330, Drama,1124,109676311.0,3.0
33358, War,3683,65900249.0,4.0
33382, Crime,8194,516139.0,2.5
33384, Action,6077,767311.0,4.5
33385, Horror,214,163876815.0,2.0
33387, Action,1123,4291965.0,3.0
33389, Crime,1427,132180323.0,3.0
33394, Drama,4928,0.0,3.0
33397, Documentary,2152,0.0,3.5
33399, Comedy,2357,580527.0,3.0
33410, Comedy,1581,194168700.0,2.0
33415, Romance,313,1381665.0,4.0
33422, Drama,2447,0.0,2.5
33435, Drama,1372,170877916.0,3.0
33482, Drama,54910,0.0,0.5
33483, Fantasy,2486,249288105.0,3.0
33484, Drama,1246,155721132.0,1.0
33579, Action,40574,0.0,3.0
33580, Drama,46948,0.0,3.5
33584, Drama,1247,59908565.0,4.0
33673, Drama,1125,154937680.0,5.0
33701, Crime,1646,41170784.0,2.0
33708, Horror,1730,849055.0,5.0
33713, Comedy,8618,13401952.0,3.0
33716, Drama,1259,49469904.0,4.0
33828, Action,1251,68673228.0,3.0
33848, Drama,1931,75511123.0,4.0
33858, Comedy,8275,0.0,3.5
33861, Music,2433,0.0,4.0
33880, Drama,2204,0.0,4.5
33883, Drama,3549,0.0,4.0
33901, Comedy,6166,0.0,4.0
33902, Drama,46919,0.0,4.0
33903, Adventure,1265,137587063.0,5.0
34068, Comedy,1257,69485490.0,5.0
34092, Crime,1248,82169884.0,3.0
34111, Drama,1252,0.0,5.0
34187, Animation,2062,623722818.0,3.0
34189, Drama,2266,4857367.0,3.0
34195, Adventure,5172,11130889.0,4.0
34197, Drama,2016,22963701.0,2.0
34201, Drama,3024,0.0,3.0
34204, Crime,47200,0.0,3.5
34211, Thriller,1250,228738393.0,4.5
34276, Drama,4169,33231264.0,4.5
34277, Thriller,3594,77566815.0,4.0
34289, Comedy,26655,0.0,4.5
34290, Action,42721,0.0,1.0
34291, Action,27523,0.0,3.5
34293, Crime,4638,80573774.0,1.0
34324, History,1993,0.0,2.0
34328, Comedy,5691,0.0,2.5
34329, Drama,1253,8974829.0,4.0
34349, Crime,1949,84785914.0,3.5
34359, Fantasy,8965,0.0,3.0
34366, Action,1271,422610419.0,3.0
34406, Adventure,2267,27297451.0,4.0
34410, Horror,1255,88489643.0,2.0
34422, Drama,2977,37311672.0,2.0
34424, Drama,5413,0.0,0.5
34425, Drama,2355,22222308.0,3.5
34530, Adventure,1273,95608995.0,4.0
34549, Drama,8199,0.0,4.5
34551, Comedy,5177,0.0,4.5
34556, Thriller,1683,62771059.0,1.0
34566, Animation,1267,169332978.0,5.0
34615, Science Fiction,1272,32017803.0,3.5
34655, Drama,1590,0.0,4.5
34678, Romance,1407,0.0,5.0
34751, Drama,1441,5549200.0,3.0
34779, Horror,1987,0.0,2.0
34783, Family,1268,229736344.0,3.0
34800, Fantasy,559,890871626.0,5.0
34801, Drama,1950,5761917.0,3.0
34823, Animation,4977,944915.0,3.0
34826, Drama,27904,0.0,2.5
34840, Fantasy,2269,38862717.0,2.5
34855, Drama,1919,0.0,4.0
34857, Comedy,4964,219076518.0,4.5
34858, Family,2976,90450008.0,2.0
34879, Horror,1562,64238440.0,1.5
34926, Fantasy,810,798958165.0,3.0
34934, Drama,5723,20710513.0,4.0
34935, Adventure,285,961000000.0,4.0
34936, Drama,3432,41637263.0,1.0
34937, Crime,3489,16930884.0,2.0
34980, Comedy,2241,0.0,4.0
34986, Mystery,1990,486021.0,3.0
34987, Adventure,1979,289047763.0,1.0
34991, Action,1991,25037897.0,3.5
35001, Romance,2748,0.0,3.0
35006, Documentary,2359,24538513.0,4.0
35036, Comedy,442,28000000.0,4.0
35131, Romance,43836,0.0,3.5
35135, Drama,1988,18928871.0,3.0
35137, Horror,3021,94679598.0,5.0
35138, Action,1571,383531464.0,1.0
35139, Comedy,2959,69307224.0,5.0
35341, Drama,6022,0.0,4.0
35342, Adventure,1858,709709780.0,5.0
35348, Comedy,3563,186072214.0,1.0
35350, Adventure,4688,0.0,4.0
35353, Action,81847,0.0,1.0
35374, Comedy,32444,0.0,4.0
35376, Drama,757,0.0,4.0
35377, Animation,35,527068851.0,3.0
35388, Crime,5857,9620399.0,1.0
35389, Comedy,3638,92601050.0,3.5
35412, Comedy,4516,0.0,3.0
35414, Drama,59995,0.0,4.5
35417, Adventure,1721,0.0,4.5
35581, Comedy,8363,121463226.0,1.5
35585, Documentary,4658,0.0,2.0
35590, Drama,5956,719968.0,2.5
35625, Drama,6535,4778376.0,3.5
35631, Drama,1127,0.0,5.0
35702, Documentary,1393,0.0,3.5
35808, Drama,2701,0.0,1.0
35855, Thriller,4349,86658558.0,4.0
35859, Horror,2082,80253908.0,2.0
35881, Comedy,1845,19776159.0,4.0
35893, Action,6609,0.0,4.0
35895, Action,2335,0.0,3.0
35921, Crime,4351,0.0,3.0
35938, Romance,2882,0.0,1.0
35944, Horror,1992,0.0,4.0
35949, Action,4141,26820641.0,3.5
35951, Drama,4347,129266061.0,3.5
35952, Drama,523,0.0,2.0
35958, Drama,2009,1185783.0,3.0
35975, Drama,3469,0.0,4.0
35987, Drama,4629,46474.0,2.0
35989, Action,5353,0.0,2.0
35990, Thriller,2252,55112356.0,4.0
36003, Comedy,6641,0.0,4.0
36006, Adventure,5915,56255142.0,3.5
36008, Action,2728,0.0,4.0
36027, Comedy,7211,68377859.0,4.5
36028, Adventure,4538,24377151.0,1.0
36029, Drama,2001,54926886.0,3.0
36086, Drama,4566,92991835.0,2.0
36088, Drama,4520,342835.0,5.0
36091, Comedy,6615,11293663.0,1.5
36097, Drama,5125,24748670.0,2.0
36098, Drama,3877,2849142.0,2.0
36103, Drama,8954,0.0,3.5
36104, Crime,4771,34619699.0,4.0
36105, Drama,1922,0.0,4.0
36108, Animation,2011,0.0,3.0
36207, Comedy,33688,0.0,1.0
36208,,90374,0.0,4.0
36213, Drama,2014,17804565.0,4.0
36228, Horror,663,139352633.0,2.0
36245, Action,48301,0.0,4.0
36246, Drama,2015,0.0,3.0
36265, Drama,7347,0.0,3.0
36271, Comedy,5718,1027699.0,3.0
36272, Comedy,25755,0.0,3.5
36273, Drama,2013,19777647.0,3.0
36301, Crime,6977,171600000.0,3.0
36303, Action,4515,63215872.0,3.5
36305, Action,5375,97838349.0,3.0
36307, Adventure,2310,195735876.0,4.0
36312, Comedy,2284,69474661.0,5.0
36313, Drama,6639,4607608.0,4.0
36315, Comedy,4723,374743.0,3.5
36320, Science Fiction,5876,57096190.0,5.0
36330, Comedy,4523,340487652.0,3.0
36332, Action,1620,99965753.0,4.0
36352, Adventure,2268,372234864.0,5.0
36428, Comedy,6477,361366633.0,3.5
36431, Drama,3902,4001121.0,4.5
36432, Horror,6537,44000000.0,2.5
36470, History,1874,0.0,3.0
36471, Drama,1989,21786738.0,2.0
36472, Drama,7979,73276047.0,4.5
36477, Comedy,6538,119000410.0,4.0
36482, Fantasy,440,41797066.0,4.0
36572, Drama,1488,0.0,4.0
36587, Crime,4787,0.0,5.0
36594, Comedy,33358,152810.0,4.0
36595, Adventure,2312,0.0,3.0
36610, Horror,3575,0.0,5.0
36611, Action,4034,0.0,4.5
36684, Drama,1479,0.0,1.5
36719, Drama,2282,0.0,0.5
36733, Drama,55294,0.0,2.5
36734, Comedy,7942,33000000.0,3.0
36735, Action,6473,0.0,4.0
36737, Adventure,7840,266000000.0,4.0
36740, Thriller,8848,64822796.0,2.0
36741, Drama,2239,60641.0,4.0
36744, Drama,7343,307076.0,1.5
36745, Drama,3764,0.0,3.0
36750, Drama,33166,0.0,5.0
36798, Drama,383,0.0,3.0
36811, Drama,155,1004558444.0,4.5
36820, Drama,36527,0.0,5.0
36826, Drama,511,0.0,3.0
36829, Drama,8093,0.0,3.5
36831, Drama,25904,0.0,3.5
36832, Drama,8988,11207130.0,4.0
36833, Documentary,7944,0.0,4.5
36836, Drama,8267,0.0,3.5
36837, Action,1266,65569869.0,4.0
36894, Drama,8827,0.0,4.0
36901, Action,7459,93945766.0,5.0
36903, Action,1729,127906624.0,1.0
36960, History,1810,0.0,2.5
36975, Crime,8617,14796236.0,3.5
36977, Action,1726,585174222.0,2.0
36984, Adventure,2454,419651413.0,5.0
36998, Adventure,217,786636033.0,2.0
37005, Comedy,4564,415252786.0,1.5
37013, Crime,4857,0.0,3.5
37026, Comedy,3687,0.0,3.5
37027, Adventure,2982,0.0,5.0
37028, Thriller,8645,163403799.0,2.0
37045, Crime,1938,0.0,4.0
37052, Drama,26302,0.0,3.5
37053, Action,78321,0.0,1.0
37054, Action,31658,0.0,3.5
37081, Adventure,43869,0.0,4.0
37082, Drama,42718,0.0,4.5
37086, Drama,428,0.0,3.0
37109, Comedy,9010,0.0,5.0
37111, Drama,2002,0.0,3.0
37150, Comedy,32666,0.0,1.0
37151, Drama,8836,68369434.0,0.5
37154, Drama,70846,0.0,0.5
37156, Documentary,4140,0.0,5.0
37157, Adventure,1735,401128639.0,0.5
37172, Drama,5038,96408652.0,4.0
37173, Drama,1661,0.0,1.5
37177, Drama,2012,0.0,1.0
37271, Action,43177,0.0,1.0
37272, Drama,3865,0.0,5.0
37278, Action,25795,0.0,4.0
37279, Drama,3,0.0,4.0
37338, Documentary,8908,0.0,1.0
37342, Drama,4998,0.0,3.0
37343, Drama,3041,0.0,3.0
37344, Drama,47721,0.0,1.0
37349, Drama,1984,0.0,1.0
37357, Drama,50011,0.0,4.5
37358, Drama,8882,0.0,3.0
37360, War,3097,25800.0,4.5
37372, Drama,4960,0.0,4.0
37373, Action,2397,0.0,3.0
37375, Drama,8338,19844979.0,3.5
37378, Crime,3580,113020255.0,5.0
37379, Drama,4701,0.0,3.0
37405, Romance,8938,0.0,5.0
37408, Action,4627,0.0,2.0
37411, Drama,8892,7356393.0,4.0
37412, Western,111759,0.0,4.5
37438, Drama,3520,0.0,1.0
37441, Adventure,8966,392616625.0,3.5
37455, Romance,2574,0.0,1.0
37466, Drama,1964,0.0,3.0
37481, Drama,8880,0.0,3.0
37485, Comedy,25852,0.0,5.0
37486, Action,3054,2400000.0,1.0
37493, Comedy,5816,0.0,3.0
37574, Drama,2694,0.0,3.0
37603, Drama,2253,200276000.0,3.0
37623, Drama,6936,0.0,1.0
37650, Drama,4148,75225693.0,1.0
37683, Comedy,8927,0.0,3.0
37685, Comedy,53519,0.0,3.0
37698, Drama,317,0.0,2.0
37768, Mystery,1977,38610009.0,1.0
37774, Drama,85394,0.0,4.5
37775, Documentary,4832,0.0,3.0
37777, Horror,5677,0.0,3.0
37778, Comedy,1961,173066.0,5.0
37897, Drama,434,0.0,4.0
38003, Drama,8832,11260366.0,1.5
38004, Action,7916,0.0,3.5
38006, Drama,5334,0.0,4.0
38009, Comedy,52528,0.0,4.0
38010, Documentary,62437,0.0,4.0
38013, Drama,43396,0.0,3.5
38021, Action,3632,0.0,5.0
38024, Music,1940,0.0,5.0
38031, Drama,1387,0.0,5.0
38139, Action,8833,0.0,3.5
38143, Comedy,112582,0.0,4.0
38144, Adventure,2080,373062864.0,5.0
38195, Drama,6461,0.0,4.5
38200, Action,42738,0.0,2.5
38215, Action,534,371353001.0,4.0
38240, Documentary,2049,0.0,2.5
38241, Comedy,101362,0.0,3.0
38246, Action,81512,0.0,2.5
38248, Comedy,761,0.0,2.0
38266, Drama,8933,0.0,5.0
38269, Comedy,4498,0.0,4.0
38270, Science Fiction,8373,836297228.0,2.5
38280, Action,4990,0.0,4.0
38283, Drama,8884,0.0,4.0
38284, Adventure,767,933959197.0,4.0
38285, Drama,3478,0.0,4.0
38297, Drama,8937,0.0,4.5
38301, Documentary,685,0.0,4.0
38305, Crime,8899,0.0,4.0
38306, Music,26320,0.0,2.5
38307, Drama,2861,0.0,2.0
38322, Comedy,5060,0.0,1.5
38381, Comedy,2979,0.0,2.0
38383, Thriller,3511,0.0,1.0
38387, Crime,25900,0.0,3.5
38388, Thriller,26009,0.0,0.5
38389, Drama,885,0.0,2.0
38390, Comedy,33380,0.0,3.5
38391, Drama,4734,138000.0,1.0
38422,,1686,0.0,4.0
38427, Adventure,3513,0.0,5.0
38434, Adventure,8915,19258519.0,2.0
38435, Music,54419,0.0,3.0
38436, Science Fiction,2973,0.0,4.0
38464, Animation,54648,3983912.0,3.0
38467, Drama,836,0.0,2.0
38480, Romance,84772,0.0,2.5
38488, Comedy,4475,0.0,4.0
38489, Music,2261,0.0,2.0
38493, Action,6058,0.0,1.0
38502, Drama,7445,43318349.0,1.5
38525,,94466,0.0,4.0
38532, Comedy,1284,0.0,3.0
38564, Fantasy,7980,93525586.0,3.5
38571, War,2143,0.0,4.0
38586, Drama,26171,0.0,3.0
38588, Drama,347,0.0,5.0
38595, Drama,45987,0.0,4.0
38596, Action,55261,0.0,3.5
38598, Drama,47122,0.0,4.0
38599, Mystery,128846,0.0,5.0
38600, Action,25769,5802422.0,4.5
38604, Comedy,4932,0.0,4.0
38608, Action,26125,0.0,3.5
38609, Documentary,5707,0.0,4.0
38614, Action,1450,0.0,5.0
38615, Drama,46335,0.0,3.0
38622, Comedy,65642,0.0,4.5
38626, Fantasy,2395,132900000.0,5.0
38694, Drama,5153,0.0,3.0
38695, Animation,31156,0.0,3.0
38696, Crime,2974,0.0,1.0
38700, Drama,43333,0.0,4.0
38701, Drama,4887,0.0,3.0
38711, Horror,60086,0.0,4.0
38712, Action,6883,0.0,4.5
38713, Thriller,25941,10329747.0,4.0
38714, Documentary,26430,0.0,1.0
38715, Adventure,4933,0.0,3.0
38716, Comedy,4252,0.0,5.0
38717, Drama,34583,0.0,3.0
38718, Horror,26178,801000.0,3.5
38721, Comedy,1912,0.0,5.0
38750, Drama,37857,6297.0,4.0
38753, Crime,42191,0.0,4.5
38754, Comedy,4180,2052466.0,4.0
38755, Romance,1549,0.0,2.0
38756, Documentary,26694,0.0,4.0
38757, Drama,8929,0.0,4.0
38758, Thriller,7346,0.0,3.0
38771, Drama,5850,0.0,0.5
38772, Horror,26587,0.0,5.0
38777, Drama,80844,0.0,1.0
38778, Comedy,1785,0.0,4.0
38783, Fantasy,25868,0.0,4.0
38786, Documentary,40819,0.0,4.5
38828, Comedy,4676,0.0,2.5
38831, Drama,3037,0.0,4.0
38849, Drama,2363,0.0,3.0
38860, Drama,1896,0.0,3.0
38861, Fantasy,27022,215283742.0,4.5
38864, Drama,32395,0.0,3.0
38865, History,72356,0.0,5.0
38867, Drama,26350,0.0,4.5
38868, Music,91470,0.0,1.5
38869, Crime,1920,0.0,2.5
38886, Mystery,39768,0.0,4.5
38887, Drama,1863,0.0,3.0
38894, Comedy,5899,0.0,4.0
38896, Comedy,39414,0.0,5.0
38899, Drama,3476,0.0,4.5
38923, Drama,8070,0.0,3.5
38924, Comedy,1914,0.0,3.5
38937, Crime,91873,0.0,1.5
38938, Drama,30846,0.0,3.0
38939, Documentary,50641,57.0,5.0
38941, Horror,31549,0.0,4.0
38942, Documentary,55063,0.0,3.5
38944, Documentary,110748,0.0,2.5
38945, Drama,94959,0.0,1.0
38971, Comedy,2754,0.0,3.0
38972, Thriller,27441,0.0,3.0
38973, Mystery,4706,0.0,4.0
38974, Documentary,75341,0.0,4.0
38976, Drama,4921,0.0,2.5
38979, Crime,6793,0.0,4.0
38983, Thriller,35957,0.0,2.5
38990, Drama,3007,0.0,2.5
39004, Action,1673,0.0,3.0
39066, Animation,134569,0.0,3.5
39067, Drama,26663,0.0,4.0
39068, Drama,80572,0.0,2.5
39069, Comedy,32234,0.0,4.5
39071, Drama,5562,0.0,2.0
39072, Horror,43919,52604.0,1.0
39077, Action,43930,16504936.0,2.5
39079, Horror,8464,0.0,4.0
39124, Drama,481,0.0,3.0
39156, Thriller,4266,0.0,3.0
39157, Crime,31104,0.0,3.0
39158, Animation,1361,0.0,3.5
39171, Comedy,51357,0.0,4.0
39172, Crime,31694,0.0,1.0
39175, Action,6474,0.0,2.0
39176, Comedy,7210,0.0,4.0
39179, War,2325,0.0,3.0
39183, Science Fiction,4798,0.0,3.0
39185, Drama,1543,3500000.0,5.0
39186, Family,8951,0.0,4.0
39188, Crime,47610,0.0,1.5
39221, Music,1244,0.0,5.0
39275, Documentary,43936,0.0,3.0
39284, Romance,31903,0.0,5.0
39285, Drama,471,0.0,3.0
39334, Comedy,47330,0.0,1.0
39335,,71732,0.0,4.0
39338, Comedy,4704,1500000.0,3.5
39341, Adventure,37380,0.0,2.5
39346, Documentary,58376,0.0,3.5
39347, Action,31162,21500000.0,2.0
39349, Drama,2010,0.0,3.0
39375, Drama,3397,0.0,3.5
39385, Drama,48596,0.0,3.0
39386,,31408,0.0,4.5
39388, Drama,54001,0.0,2.0
39426, Drama,3081,0.0,1.0
39478, Comedy,4880,0.0,4.5
39486, Documentary,48414,0.0,3.0
39487, Horror,3581,0.0,4.0
39493, Comedy,44555,0.0,1.0
39530, Comedy,43908,0.0,3.5
39531, Action,8931,0.0,3.5
39532, Comedy,55721,288383523.0,4.5
39540, Horror,47518,0.0,4.0
39551, Adventure,1865,1045713802.0,4.0
39557, Action,3107,0.0,3.0
39589, Comedy,3962,0.0,2.5
39591, Documentary,70862,0.0,2.5
39594, Drama,114044,0.0,2.5
39595, Comedy,51540,117000000.0,5.0
39615, Animation,49013,559852396.0,1.0
39616, Action,1482,0.0,3.0
39618, Drama,55895,0.0,3.5
39619, Comedy,4641,0.0,1.5
39655, Action,1771,370569774.0,5.0
39656, Romance,74946,0.0,2.0
39660, Crime,85367,0.0,2.0
39663, Drama,46772,0.0,2.0
39664, Drama,26242,0.0,5.0
39668, Drama,8462,0.0,2.5
39669, Documentary,54220,0.0,4.0
39670, Thriller,47261,0.0,3.0
39671, Drama,59392,0.0,5.0
39672,,40959,0.0,0.5
39674, Crime,36519,0.0,2.5
39688, Drama,407,0.0,3.0
39698, Documentary,30867,0.0,4.0
39699, Adventure,80241,0.0,3.5
39701, Drama,5473,0.0,5.0
39702, Drama,48231,27462041.0,3.5
39703, Crime,95949,0.0,3.5
39704, Comedy,114060,0.0,4.0
39707, Drama,91094,0.0,4.5
39710, Horror,33592,0.0,2.5
39711, Thriller,31116,0.0,5.0
39713, Drama,6182,0.0,4.0
39714, Documentary,75803,0.0,1.5
39715, Action,49530,173930596.0,4.0
39752, Comedy,3966,0.0,5.0
39754, Horror,92751,0.0,4.0
39755, Drama,37736,0.0,3.0
39756,,47099,0.0,3.5
39780, Drama,4195,0.0,4.0
39782, Comedy,4809,0.0,3.0
39787, Foreign,64983,0.0,3.5
39794, Drama,1254,0.0,3.5
39824, Adventure,56801,0.0,2.0
39828, Drama,2349,0.0,4.0
39839, Thriller,77866,63100000.0,2.5
39843, Drama,112655,0.0,2.5
39844, Action,57353,0.0,4.0
39846, Drama,8368,0.0,3.5
39930, Comedy,25774,0.0,3.0
39931, Comedy,57243,0.0,5.0
39934, Action,71254,0.0,3.0
39938, Crime,3051,0.0,3.0
39949, Thriller,59421,0.0,2.0
39955, Documentary,55245,0.0,3.0
39957, Horror,2929,0.0,5.0
39971, Adventure,62764,183018522.0,4.5
39972, Drama,73211,0.0,3.5
39974, Crime,61361,0.0,3.0
39975, Comedy,73881,0.0,4.0
39979, Horror,27646,0.0,4.5
39980, Science Fiction,77561,0.0,1.0
40009, War,50601,17479.0,4.0
40013, Drama,52462,0.0,3.5
40015, Crime,3556,0.0,3.0
40045, Horror,26974,0.0,4.0
40048, Action,5965,0.0,3.0
40049, Drama,86593,0.0,2.5
40050, Action,122924,0.0,2.5
40053, Action,85414,0.0,4.0
40077, Action,8266,0.0,2.5
40078, Fantasy,126420,0.0,1.5
40079, Drama,104241,0.0,1.0
40082, Drama,79224,49000000.0,2.5
40086, Drama,1556,0.0,2.5
40109, Crime,49526,31083599.0,2.5
40111, Horror,71668,8493728.0,2.0
40112, Documentary,90061,0.0,5.0
40113, Drama,40629,0.0,4.0
40133, Drama,67429,0.0,4.0
40134, Adventure,26505,0.0,4.5
40135, Drama,98369,0.0,3.0
40136, Adventure,4822,0.0,5.0
40137, Drama,52767,0.0,5.0
40142, Horror,5422,0.0,4.5
40143, Romance,537,0.0,4.0
40153, Drama,39779,0.0,3.5
40154, Drama,45000,0.0,4.0
40155, Drama,95508,0.0,3.5
40156, Drama,72479,0.0,3.5
40157, Comedy,6078,0.0,3.5
40159, Mystery,74545,0.0,4.0
40167,,132961,0.0,3.0
40168, Science Fiction,94480,0.0,1.0
40169, Comedy,26152,0.0,4.0
40173, Drama,96821,0.0,4.0
40187, Comedy,63481,0.0,2.0
40188, Drama,80717,0.0,5.0
40189, Documentary,160,0.0,0.5
40252, Comedy,84187,0.0,4.5
40258, Comedy,89492,88058786.0,5.0
40274, Horror,99106,0.0,2.5
40275,,100450,0.0,3.5
40276, Comedy,4171,0.0,4.0
40277, Action,26467,0.0,1.0
40278, Action,92681,0.0,2.5
40279, Documentary,90603,0.0,2.5
40280, Crime,26005,0.0,3.5
40281, Drama,41863,0.0,3.5
40283, Drama,36931,0.0,5.0
40284, Drama,55167,0.0,0.5
40288,,70121,0.0,0.5
40289, Comedy,88812,0.0,2.0
40295,,158238,0.0,3.5
40297, Comedy,46972,0.0,3.5
40315, Drama,54328,0.0,5.0
40316, Comedy,5686,0.0,2.5
40321, Animation,26547,0.0,4.5
40323, Action,3146,0.0,2.0
40345, Comedy,3052,0.0,1.0
40424, Documentary,44671,0.0,3.0
40425, Drama,85510,0.0,3.0
40431, Adventure,2966,0.0,4.0
40450, Drama,103731,21587700.0,5.0
40451, Horror,26693,0.0,2.0
40453, Action,31700,0.0,2.5
40454, Drama,127728,0.0,5.0
40455, Romance,8768,0.0,3.5
40456, Drama,458,0.0,3.0
40460, Comedy,2077,0.0,4.0
40466, Comedy,32596,0.0,2.5
40471, Horror,40226,0.0,5.0
40472, Drama,6636,0.0,4.0
40474, Fantasy,31221,0.0,2.5
40484, Drama,58293,0.0,1.0
40492, Comedy,5646,0.0,4.0
40494, Crime,47404,0.0,4.0
40495, Drama,26622,0.0,3.5
40496, Comedy,91690,0.0,5.0
40497, Comedy,48319,0.0,2.0
40499, Horror,40833,0.0,2.5
40500, Comedy,54768,0.0,0.5
40501, Science Fiction,71700,0.0,1.5
40502, Action,2093,0.0,1.0
40511, Comedy,26251,0.0,4.0
40512, Drama,4479,0.0,4.0
40513, Drama,8935,0.0,1.5
40515, Horror,115210,95000.0,5.0
40523, Horror,3160,0.0,3.0
40580,,56949,0.0,5.0
40596, Comedy,4519,0.0,5.0
40601, Documentary,91325,0.0,2.0
40602, Fantasy,53318,0.0,4.5
40607, Documentary,93498,0.0,4.0
40608, Comedy,4146,0.0,1.0
40610, Drama,4578,0.0,2.0
40611, Fantasy,3030,0.0,4.0
40620, Comedy,31035,0.0,4.5
40622, Drama,42732,0.0,2.0
40624, Action,2072,0.0,4.0
40643, Drama,86817,0.0,5.0
40644, TV Movie,26131,0.0,5.0
40650, Comedy,107978,0.0,5.0
40651, Comedy,8985,0.0,3.0
40663, Adventure,54272,0.0,1.0
40700, Drama,54276,0.0,3.0
40703, Thriller,69278,0.0,3.5
40705, Comedy,5995,0.0,4.0
40766, Comedy,69406,0.0,1.0
40772, Horror,84152,0.0,3.0
40791, Western,4949,0.0,2.0
40793, Action,140174,0.0,4.0
40798, Action,2442,551281.0,4.0
40805, Romance,69746,0.0,2.5
40806, Drama,2180,0.0,4.0
40808, Action,59118,0.0,4.5
40811, Adventure,26947,0.0,4.5
40812, Romance,104211,0.0,3.5
40814, Comedy,2594,0.0,4.0
40823, Fantasy,31445,0.0,2.0
40824, Crime,33817,0.0,1.0
40826, Comedy,121113,0.0,1.0
40827, Comedy,4111,0.0,4.0
40830, Action,1732,0.0,3.0
40950, Horror,49396,0.0,4.0
40954, Drama,95752,0.0,4.5
40955, Comedy,48591,0.0,0.5
40956, Comedy,94478,0.0,1.0
40962, Adventure,54281,0.0,5.0
40966, Crime,1840,0.0,3.5
40970, Action,56171,0.0,4.0
40975, Horror,5421,0.0,3.5
40978, Drama,1731,0.0,1.0
40979, Action,26480,0.0,3.0
40980, Drama,85788,0.0,3.5
40984, Drama,79553,0.0,3.5
40988, Drama,7983,0.0,3.5
40992, Action,4992,0.0,1.5
41002, Crime,189,39407616.0,4.0
41003, Action,44022,0.0,3.0
41023, Documentary,39398,0.0,3.0
41024, Documentary,2692,0.0,4.0
41104, Animation,3171,0.0,4.0
41106, Documentary,26750,0.0,3.0
41107, Drama,2195,0.0,3.0
41114, Drama,8948,0.0,1.0
41118, Animation,69559,0.0,4.0
41119, Comedy,1285,0.0,4.0
41180, Comedy,83613,0.0,0.5
41188, Family,26111,0.0,4.0
41191, Drama,256,0.0,3.0
41233, Comedy,3937,0.0,3.0
41235, Drama,84944,0.0,4.0
41242, Drama,3576,0.0,3.0
41244, Adventure,55069,0.0,5.0
41248, Horror,25752,0.0,4.0
41249, Horror,25753,0.0,3.5
41251, Drama,4956,0.0,3.0
41253, Action,2089,0.0,3.5
41265, Comedy,112735,0.0,4.5
41266, Drama,2516,0.0,0.5
41268, Comedy,42734,0.0,3.0
41271, Action,128606,0.0,4.5
41272, History,56152,0.0,4.5
41287, Drama,142507,0.0,3.0
41288, Family,33838,2608000.0,3.5
41289, Adventure,69784,0.0,2.5
41293, Comedy,84154,0.0,4.0
41294, Action,2139,0.0,3.0
41321, Documentary,47491,0.0,2.0
41323, Comedy,26366,0.0,0.5
41325, Action,2699,0.0,4.0
41387, Comedy,52913,0.0,4.0
41388, Horror,70984,0.0,3.5
41389, Animation,116977,73706.0,3.5
41392, Drama,43635,0.0,4.0
41393, Comedy,130452,0.0,2.0
41395, Animation,26700,0.0,2.0
41398, Comedy,27317,0.0,5.0
41404, Drama,3057,0.0,3.0
41406, Comedy,93855,0.0,5.0
41408, Comedy,51939,0.0,2.0
41409, Action,31270,0.0,2.5
41411, Comedy,4226,0.0,5.0
41543, Comedy,5139,0.0,3.5
41546, Adventure,3483,0.0,3.0
41552, Comedy,46967,0.0,2.0
41556, Action,68659,0.0,3.5
41560, Crime,109161,2228951.0,4.0
41561, Drama,111443,0.0,4.0
41567, Comedy,4344,0.0,2.0
41600, Drama,3539,0.0,4.0
41603, Horror,73290,0.0,5.0
41608, Action,55872,0.0,2.5
41610, Drama,32582,0.0,4.0
41612, Western,3686,0.0,4.0
41632, Comedy,107999,0.0,3.5
41633, Drama,133365,0.0,2.0
41634, Horror,57326,0.0,2.0
41636, Adventure,7085,0.0,3.5
41637, Comedy,32139,0.0,4.0
41638, Comedy,42783,0.0,1.5
41639, Drama,86059,5200000.0,1.0
41640, Drama,84312,0.0,1.0
41641, Action,4529,0.0,2.0
41643, Thriller,90376,0.0,4.0
41648, Action,4968,0.0,1.5
41650, Comedy,27376,0.0,0.5
41651, Adventure,32387,0.0,4.0
41652, Animation,45662,0.0,1.0
41653, Horror,53953,0.0,5.0
41660, Horror,26631,0.0,3.0
41661, Action,2648,0.0,3.0
41676, Drama,1163,0.0,3.0
41678, Adventure,5147,0.0,4.0
41686, Adventure,1260,0.0,3.0
41707, Drama,4930,0.0,5.0
41708, TV Movie,69495,0.0,3.0
41709, Drama,27544,0.0,4.0
41710, Comedy,129009,0.0,4.0
41711, Crime,26838,0.0,3.5
41712, Western,8372,0.0,1.0
41716, Mystery,25807,0.0,3.0
41717, Drama,91548,0.0,4.0
41718, Comedy,5002,0.0,3.5
41720, Music,93061,0.0,4.5
41721, Horror,112460,0.0,1.5
41723, History,6163,0.0,5.0
41724, Comedy,44974,0.0,3.5
41730, Thriller,5601,0.0,3.0
41731, Family,58655,0.0,1.5
41732, Animation,48522,0.0,0.5
41733, Adventure,27850,0.0,3.5
41738, Horror,2186,0.0,3.0
41761, Animation,52458,0.0,3.0
41771, Comedy,45221,0.0,2.0
41773, Science Fiction,41571,0.0,2.5
41784, Adventure,8779,0.0,4.0
41785, Documentary,49957,0.0,4.5
41788, Crime,4885,0.0,2.0
41790, Comedy,1870,0.0,4.0
41791, Comedy,1875,0.0,3.0
41797, Documentary,92,0.0,3.0
41809, Drama,3168,0.0,2.5
41834, Drama,3480,0.0,4.0
41841, Drama,5063,0.0,2.0
41842, Drama,3423,0.0,4.0
41843, Comedy,80346,0.0,3.5
41844, Science Fiction,27873,3000000.0,4.5
41846, Comedy,44191,0.0,3.5
41919, Drama,83132,0.0,3.5
41925, Comedy,110553,0.0,0.5
41931, Mystery,6591,0.0,4.0
41937, Adventure,8014,0.0,3.5
41943, Comedy,37727,0.0,2.0
41954, Comedy,37731,0.0,3.0
41964, Action,8743,0.0,2.5
41965, Romance,86835,566006.0,2.0
41969, Drama,8906,0.0,2.5
41973, Drama,2141,0.0,4.0
41999, Drama,5602,0.0,3.5
42003, Comedy,3004,0.0,1.0
42016, Drama,100032,0.0,2.0
42017, Comedy,31547,0.0,4.5
42018, Comedy,95744,0.0,2.5
42019,,69974,0.0,0.5
42020, Action,92309,0.0,3.0
42022, War,4274,0.0,3.0
42024, Mystery,2993,0.0,4.0
42041, History,6547,0.0,1.0
42042, Horror,27706,0.0,3.5
42057, Comedy,45179,0.0,3.5
42058, Drama,85025,0.0,3.5
42060, Drama,43871,0.0,3.0
42063, Comedy,5065,0.0,2.0
42070, Fantasy,101904,0.0,3.5
42071, TV Movie,97593,0.0,3.5
42072, Action,83361,0.0,3.5
42073, Drama,8371,0.0,4.0
42093, Drama,31413,0.0,5.0
42094, Comedy,1269,0.0,4.0
42131, Comedy,1419,0.0,5.0
42141, Animation,5833,0.0,1.5
42145, Comedy,1615,4508104.0,3.0
42155, Comedy,1616,0.0,3.0
42169, Comedy,2169,0.0,1.0
42175, Drama,91628,0.0,1.5
42177, Action,53435,0.0,2.0
42180, Comedy,2189,14100000.0,4.0
42181, Comedy,46578,0.0,1.0
42257, Comedy,40817,0.0,2.5
42258, Comedy,30723,0.0,4.0
42259, Horror,90888,0.0,3.0
42261, Comedy,105246,0.0,4.0
42263, Adventure,26574,0.0,4.0
42264, Documentary,88744,0.0,4.5
42288, Crime,45679,0.0,4.0
42289, Drama,32029,0.0,3.0
42298, Documentary,54732,0.0,3.0
42301, TV Movie,50794,0.0,2.5
42305, Drama,59810,0.0,3.5
42307, Foreign,31524,0.0,4.0
42308, Action,3701,0.0,3.0
42324, Mystery,3699,0.0,3.5
42346, Documentary,58301,0.0,4.0
42348, Drama,102165,0.0,2.0
42349, Comedy,5061,0.0,3.0
42352, Action,5056,0.0,5.0
42356, Action,43351,0.0,3.0
42357, Romance,27922,0.0,4.0
42358, Horror,3122,0.0,3.0
42359, Comedy,45210,0.0,3.0
42361, Action,33124,0.0,3.5
42362, Comedy,58191,0.0,4.5
42364, Drama,2197,0.0,3.0
42365, Comedy,2462,0.0,2.0
42369, Adventure,43419,0.0,2.0
42370, Drama,74458,18050000.0,0.5
42421, Drama,89072,0.0,3.5
42422, Comedy,5302,1218730.0,3.5
42423, Documentary,32728,0.0,2.5
42425, Documentary,44694,148426.0,4.5
42435, Drama,44511,0.0,4.0
42436, Comedy,5064,0.0,5.0
42459, Action,56095,0.0,3.0
42460, Action,54503,0.0,3.5
42504, Comedy,81831,0.0,4.0
42505, Drama,5839,0.0,4.0
42506, Action,26342,0.0,3.5
42507, Comedy,92496,0.0,2.5
42508, TV Movie,37211,0.0,2.5
42510, Comedy,3405,0.0,3.5
42518, Comedy,74510,0.0,4.5
42521, Animation,26809,0.0,4.5
42522, Animation,60293,0.0,5.0
42526, Romance,92424,0.0,4.0
42527, Comedy,4645,0.0,4.5
42528, Romance,25764,0.0,4.5
42529, Horror,39408,0.0,0.5
42530, Horror,3125,0.0,4.0
42540, Western,82667,0.0,3.5
42544, Action,5742,0.0,4.0
42545, Comedy,5747,0.0,4.0
42552, TV Movie,26599,0.0,5.0
42553,,131830,0.0,4.0
42554, Drama,53121,0.0,2.5
42567, Thriller,87884,0.0,3.5
42568, Comedy,56339,0.0,4.0
42572, Documentary,89870,0.0,4.5
42573, Comedy,2166,0.0,4.0
42581, Drama,34334,0.0,1.5
42585, Horror,3602,0.0,2.0
42586, Documentary,54734,0.0,4.5
42587, Horror,31150,0.0,4.0
42589, Horror,36529,0.0,1.0
42620, Horror,45431,0.0,4.0
42635, Romance,86000,0.0,5.0
42637, Family,97938,0.0,4.0
42659, Action,8460,0.0,4.0
42661, Action,33558,0.0,3.0
42662, Thriller,148652,0.0,2.5
42663, Drama,4255,0.0,0.5
42670, Thriller,106417,15.0,3.0
42671, Horror,86332,0.0,1.0
42685, Drama,80219,0.0,4.0
42691, TV Movie,160718,0.0,4.0
42692, TV Movie,27338,0.0,3.0
42693, Drama,103688,0.0,3.0
42697, Comedy,31410,0.0,5.0
42717, Documentary,8930,0.0,2.5
42719, Science Fiction,50162,0.0,3.0
42720, Comedy,81229,0.0,3.5
42738, Mystery,53129,0.0,4.5
42743, Comedy,4705,0.0,4.0
42747, Drama,2988,0.0,3.0
42755, Foreign,27351,0.0,1.0
42756, Horror,59429,0.0,4.0
42758, Drama,107406,0.0,4.0
42765, Drama,27255,0.0,2.5
42766, Crime,48856,0.0,3.5
42767, Drama,70418,0.0,3.0
42768, Drama,6945,0.0,4.0
42771, Thriller,93840,0.0,3.5
42784, Comedy,5900,0.0,3.5
42793, Drama,27724,0.0,5.0
42794, Science Fiction,72720,0.0,2.0
42797, Thriller,95375,0.0,3.0
42798, Comedy,2798,0.0,3.0
42802, Crime,83827,0.0,4.0
42803, Drama,63276,0.0,3.5
42805, Action,2004,0.0,1.0
42826, Drama,2333,0.0,3.0
42849, Music,1539,0.0,1.0
42850, Comedy,49961,0.0,3.5
42852, Horror,58432,0.0,3.0
42853, Comedy,81660,0.0,2.5
42854, Drama,2232,0.0,4.0
42875, Romance,459,0.0,4.0
42877, Comedy,457,0.0,3.0
43090, Comedy,6318,0.0,3.0
43092, Drama,58156,0.0,2.0
43098, Drama,45722,0.0,2.0
43157, Horror,3145,0.0,4.0
43163, Music,89774,0.0,4.5
43168, Drama,2969,0.0,4.0
43171, Drama,40826,0.0,4.5
43176, Action,103210,0.0,3.5
43177, Action,32160,0.0,3.5
43178, Horror,25744,0.0,4.5
43179, Action,55765,0.0,2.0
43201, Action,44245,0.0,4.0
43202, Thriller,121491,0.0,4.5
43203, Drama,206,0.0,3.0
43213, Action,26010,0.0,3.0
43214, Action,5846,0.0,4.0
43215, Comedy,3936,0.0,2.5
43221, Comedy,2079,0.0,3.5
43222, Comedy,2078,0.0,5.0
43268, Drama,51935,0.0,5.0
43275, Science Fiction,3578,0.0,5.0
43436, Comedy,59333,0.0,2.0
43440, Drama,798,0.0,4.0
43452, Drama,2734,0.0,4.0
43470, Comedy,5881,0.0,4.0
43478, Action,4893,0.0,3.0
43479, Comedy,107081,0.0,4.5
43480, Drama,31973,0.0,5.0
43481, Family,74944,0.0,3.5
43483, Action,27875,0.0,4.0
43484, Comedy,54256,0.0,5.0
43486, Action,98122,0.0,0.5
43488, Foreign,103048,0.0,4.0
43491, Action,88950,0.0,0.5
43492,,81782,0.0,3.0
43498, Drama,3565,0.0,3.0
43509,,50189,0.0,2.5
43512, Comedy,4728,0.0,4.0
43520, Comedy,4727,0.0,3.0
43526, War,64032,0.0,1.5
43527, Comedy,134881,0.0,4.0
43529, Drama,27721,0.0,4.0
43540, Thriller,84844,0.0,4.0
43545, Drama,4228,0.0,3.0
43555, Crime,67087,0.0,1.5
43564, TV Movie,39446,0.0,3.5
43582, Crime,3013,0.0,3.5
43585, Comedy,31770,0.0,3.0
43586, Adventure,64508,0.0,1.0
43587, Drama,78101,0.0,2.0
43588, Comedy,6884,0.0,4.0
43589, Adventure,26736,0.0,4.0
43590, Drama,103502,0.0,1.5
43591, Horror,26702,0.0,4.0
43592, Fantasy,79720,0.0,3.5
43594, Comedy,26199,0.0,4.0
43595, Drama,68444,0.0,3.0
43596, Comedy,66066,0.0,0.5
43597, Thriller,4459,0.0,5.0
43598, Horror,3025,0.0,3.0
43599, Comedy,4709,0.0,4.0
43604, Science Fiction,57845,0.0,4.5
43605, Action,3692,0.0,4.0
43607, Drama,1998,0.0,3.0
43609, Foreign,25801,0.0,5.0
43610, Horror,27674,0.0,3.5
43612, Drama,31364,0.0,4.0
43614, Drama,108949,0.0,2.5
43615, Drama,4979,0.0,5.0
43684, Romance,1837,0.0,1.0
43687, Drama,104374,0.0,5.0
43702, Drama,105254,6530000.0,3.0
43703, Crime,74727,0.0,5.0
43705, Drama,103539,0.0,4.0
43707, Drama,100017,0.0,3.0
43708, Documentary,2890,0.0,3.0
43754,,65216,0.0,5.0
43755, Crime,4680,0.0,2.0
43756,,2764,0.0,4.0
43762, Documentary,3048,0.0,3.0
43764, Documentary,65188,0.0,5.0
43769, Horror,4443,0.0,3.5
43773, Crime,30810,0.0,1.5
43802, Family,799,0.0,3.0
43826, Crime,50658,0.0,5.0
43830, Action,50583,0.0,3.0
43831, Action,5256,0.0,2.0
43832, Mystery,105593,0.0,4.0
43834,,89337,0.0,3.0
43835,,135536,0.0,3.0
43836, Action,53883,0.0,4.0
43838, Drama,78088,0.0,3.0
43842, Adventure,2989,2000000.0,4.0
43860, Comedy,3938,0.0,4.0
43861, Drama,58559,0.0,3.0
43982, Action,31184,0.0,4.5
43983, Drama,3102,0.0,5.0
43993, Comedy,3941,0.0,4.0
43994, Comedy,1652,0.0,3.5
43996, Comedy,1655,0.0,2.0
43998, Action,99846,0.0,3.0
43999,,53999,0.0,2.5
44000, Science Fiction,7456,0.0,4.5
44001, Animation,31502,0.0,2.5
44002, Documentary,59126,0.0,4.0
44007, Animation,30,0.0,5.0
44017, Comedy,5066,0.0,3.0
44027, Science Fiction,3786,0.0,2.0
44032, Drama,63876,0.0,4.0
44043, Comedy,110501,0.0,3.0
44046,,48268,0.0,4.0
44047, Drama,51091,0.0,4.0
44048,,38061,0.0,4.5
44077, Horror,4290,0.0,3.0
44080, Drama,64116,0.0,1.0
44081, Action,4546,0.0,3.0
44086, Western,3698,0.0,4.5
44110, Horror,5434,0.0,3.5
44112, Thriller,112767,0.0,4.0
44113, Crime,61123,0.0,3.0
44116, Drama,4948,0.0,1.5
44117, Drama,40946,0.0,4.0
44118, Action,89904,0.0,1.5
44124, Adventure,4279,0.0,4.0
44126, Documentary,86320,0.0,3.5
44132, TV Movie,61348,0.0,0.5
44135, Comedy,63859,0.0,3.0
44146, Documentary,79163,2203.0,4.0
44147, Documentary,8893,0.0,4.5
44148, Drama,2324,32788.0,4.0
44247,,33495,0.0,4.0
44249, Comedy,58365,0.0,4.0
44250, Drama,67255,0.0,4.0
44264, Thriller,3479,0.0,4.0
44285, Comedy,55156,0.0,4.0
44286, Fantasy,81537,0.0,3.0
44291, Comedy,72733,0.0,4.5
44293, Comedy,1609,0.0,3.0
44295, Drama,72701,0.0,2.5
44297, Comedy,64501,0.0,5.0
44299, Documentary,105121,0.0,1.0
44300, Western,26776,0.0,4.0
44312, Comedy,3144,0.0,3.0
44314, Action,4462,0.0,3.0
44315, Drama,932,0.0,5.0
44331, Crime,6103,0.0,2.0
44332, Horror,3159,0.0,4.0
44349, Documentary,78174,0.0,3.0
44350,,115877,0.0,3.5
44351, Drama,1608,0.0,1.0
44421, Comedy,100272,0.0,4.0
44422,,130450,0.0,1.5
44423, Adventure,59935,0.0,3.5
44424, Action,66659,0.0,0.5
44425, Action,107412,0.0,5.0
44426, Fantasy,4652,0.0,4.0
44428, Comedy,7088,0.0,4.0
44430, Drama,55253,0.0,4.0
44432, Horror,109074,0.0,4.0
44433, Documentary,134158,0.0,1.5
44434, Horror,38499,0.0,5.0
44439, Drama,4369,0.0,3.0
44479, Comedy,26797,0.0,5.0
44480, Comedy,2459,0.0,4.0
44497, Crime,6105,0.0,3.0
44498, Mystery,1848,0.0,3.0
44508, Drama,1596,0.0,3.0
44511, Thriller,3427,0.0,1.0
44513, Crime,6107,0.0,5.0
44514, Drama,26509,0.0,4.5
44515, Adventure,65310,0.0,3.0
44516, Drama,1631,0.0,3.0
44518, Action,7234,0.0,4.0
44523, Foreign,48780,0.0,4.0
44575,,104863,0.0,3.5
44577, Music,58306,0.0,3.5
44580, Music,25771,0.0,3.0
44590, Documentary,72386,0.0,3.5
44592, Mystery,71520,0.0,3.5
44599, Drama,74154,0.0,3.0
44602, Mystery,114464,0.0,5.0
44603, Comedy,118900,0.0,3.5
44606,,130980,0.0,4.5
44607, Adventure,3003,0.0,1.0
44608, Comedy,4644,0.0,3.5
44609, Comedy,2132,0.0,4.0
44632, Documentary,111913,0.0,3.0
44633, Animation,8128,0.0,4.5
44637, Comedy,62999,0.0,3.5
44645, TV Movie,68954,0.0,2.0
44706, Horror,3210,0.0,4.0
44758, Action,2104,60700.0,4.0
44761, Drama,6436,0.0,5.0
44767, Comedy,74580,0.0,3.0
44769, Action,64278,0.0,5.0
44770, Comedy,86190,0.0,1.5
44778, Action,2791,0.0,5.0
44884, Comedy,8366,0.0,2.5
44899, Horror,2154,0.0,4.0
44905, Action,8453,22175908.0,4.0
44906, Animation,84601,0.0,3.5
44911, Comedy,127098,0.0,4.0
44912, History,5040,0.0,3.5
44917, Comedy,63540,0.0,0.5
44919, Adventure,2286,0.0,1.0
44922, Comedy,63179,0.0,4.5
44923, Comedy,26147,2411594.0,4.5
44924, Drama,3178,0.0,4.0
44946, History,2331,0.0,4.0
44955, Animation,91673,0.0,5.0
44956, Drama,80831,0.0,2.5
44960, Horror,3104,0.0,4.0
44989, Romance,64197,0.0,4.0
44992, Comedy,98604,0.0,4.0
44993, Fantasy,49280,0.0,5.0
