genre,id,revenue,rating
 Action,949,187436818,3.5
 Adventure,710,352194034,1
 Action,1408,10017322,1
 Drama,524,116112375,2
 Drama,4584,135000000,5
 Crime,5,4300000,4.5
 Comedy,8012,115101622,5
 Drama,451,49800000,3
 Fantasy,902,1738611,3
 Science Fiction,63,168840000,3
 Drama,687,39363635,3
 Fantasy,577,21284514,3
 Music,2054,106269971,3
 Comedy,4482,0,4
 Horror,755,25836616,2
 Drama,880,0,1
 Drama,8447,0,1
 Crime,2086,8175346,5
 Drama,2045,0,3
 Drama,688,182016617,3
 Crime,103,28262574,4
 Comedy,2074,14702438,4
 Fantasy,27793,0,2
 Drama,568,355237933,3
 Action,414,336529144,3
 Drama,1873,0,3
 Fantasy,8839,287928194,2.5
 Action,8963,157387195,0.5
 Documentary,26564,3174695,0.5
 Action,1572,366101666,4.5
 Mystery,8973,0,3.5
 Crime,1642,110627965,2
 Crime,281,7959291,3
 Action,3512,104324083,3
 Adventure,26258,0,4.5
 Drama,76,5535405,3
 Comedy,2292,3151130,4
 Romance,1909,22200000,3
 Drama,8984,214015089,2
 Action,4954,0,4
 Comedy,522,5887457,3
 Drama,1024,3049135,3
 Horror,628,223664608,4
 Adventure,11,775398007,2.5
 Drama,3036,112006296,4
 Comedy,8986,18137661,4
 Drama,1945,106683817,4
 Crime,241,50282766,3
 Drama,527,2201126,4
 Action,6950,189859560,2.5
 Thriller,101,45284974,4
 Comedy,2307,0,4
 Thriller,680,213928762,2
 Drama,110,0,4
 Drama,108,0,4
 Action,2636,170362582,5
 Action,2164,196567262,1
 Drama,278,28341469,2
 Science Fiction,193,120000000,1
 Drama,95963,0,3.5
 Romance,1587,10032765,3
 Comedy,2064,182057016,5
 Drama,236,15119639,4.5
 Drama,2759,11220670,1
 Fantasy,888,341631208,4
 Comedy,13,677945399,3
 Drama,1689,4858139,4.5
 Romance,854,351583407,4
 Drama,2788,20079850,5
 Action,8987,0,4
 Thriller,8831,101646581,2.5
 Action,315,0,3
 Action,8011,36800000,2
 Horror,2654,8946600,4
 Comedy,2758,48919043,4
 Action,306,119208989,5
 Drama,178,30156002,5
 Horror,4722,428868,4
 Comedy,26391,3662459,2.5
 Drama,2124,19726050,4
 Drama,49299,0,4
 Adventure,5503,368875760,1
 Drama,2087,30,5
 Action,2019,74189677,4
 Comedy,26271,0,4
 Romance,2259,0,2
 Drama,7984,65796862,3.5
 Action,6,12136938,4
 Adventure,329,920100000,3
 Action,507,418961,3
 Drama,1413,1499795,3
 Drama,2246,46405336,2
 Action,2320,121969216,4
 Drama,5879,0,3
 Drama,2625,0,4
 Comedy,788,441286195,3.5
 Drama,1245,23237911,4
 Action,7007,107198790,4
 Action,2088,3275585,3
 Drama,424,321365567,4
 Adventure,8850,48063435,2.5
 Comedy,695,6110979,4
 Comedy,858,227799884,5
 Drama,867,116300000,3
 Science Fiction,78,33139618,3
 Action,319,12281551,1
 History,32562,0,4
 Fantasy,251,505000000,3
 Action,280,520000000,5
 Adventure,581,424208848,3
 Thriller,80350,0,0.5
 Fantasy,268,411348924,5
 Crime,274,272742922,2
 Fantasy,408,184925486,3
 Romance,114,463000000,3
 Comedy,7300,97529550,3.5
 Crime,275,60611975,3
 Crime,1592,102616183,3
 Comedy,2021,218626,4
 Adventure,954,457696359,4
 Fantasy,8840,115267375,2.5
 Drama,5801,536364,4
 Drama,896,16000,3
 Animation,2300,250200000,4
 Drama,27768,0,3.5
 Drama,753,0,3
 Comedy,8866,0,3.5
 Drama,922,0,1
 Action,664,494471524,3
 Family,532,0,3.5
 Drama,935,9440272,4
 Comedy,7095,58620973,2.5
 Drama,627,16491080,4
 Drama,81949,65352,3
 Crime,1645,152266007,3
 Drama,4837,0,3.5
 Comedy,2925,116400000,4
 Drama,3573,22231658,0.5
 Drama,549,3011195,5
 Drama,238,245066411,1
 Comedy,159,0,4
 Fantasy,3587,0,4
 Comedy,981,0,1
 Comedy,872,7200000,5
 Drama,2769,4500000,2
 Comedy,164,9500000,4
 Mystery,426,28000000,2
 Drama,567,36764313,3
 Comedy,3078,4500000,3.5
 Mystery,213,13275000,4
 Comedy,239,25000000,3
 Drama,289,10462500,4
 Mystery,963,1000000,3
 Comedy,6620,10000000,1.5
 Comedy,804,12000000,3.5
 Comedy,909,0,4
 Adventure,630,33754967,4
 Drama,599,5000000,4
 Mystery,15,23217674,2.5
 Science Fiction,62,68700000,3
 Drama,705,63463,2.5
 Drama,223,6000000,1
 Thriller,303,24464742,3
 Drama,4174,7000000,4
 Crime,381,8750000,3
 Comedy,1859,2279000,5
 Drama,1939,2000000,5
 Adventure,3598,0,3
 Comedy,198,0,2
 Drama,220,5,4
 Comedy,3529,1423000,4
 Adventure,2897,42000000,5
 Comedy,3083,9600000,5
 Comedy,900,0,2.5
 Action,260,0,5
 Adventure,488,10750000,3.5
 Drama,261,17570324,4
 Drama,2033,0,4
 Adventure,173,28200000,3
 Comedy,864,154864401,4
 Adventure,8367,390493908,4
 Comedy,433,102272727,4
 Action,562,140767956,3
 Drama,454,147298761,4
 Crime,1834,0,3.5
 Family,252,4000000,2
 Crime,475,50700000,3
 Crime,521,3000000,4
 Drama,88,213954274,3
 Crime,500,14661007,4
 Comedy,8491,30218387,2
 Fantasy,25842,0,3.5
 Adventure,2119,157920733,5
 Drama,702,8000000,5
 Horror,25750,0,4.5
 Science Fiction,1103,50244700,4
 Drama,4480,0,4
 Drama,49688,0,4
 Adventure,762,5028948,2
 Animation,531,0,4
 Mystery,4483,0,5
 Drama,659,0,4
 Drama,30892,0,3.5
 Comedy,892,1794187,3
 Drama,1600,1999955,0.5
 Drama,409,231976425,2.5
 Comedy,2469,0,3.5
 Documentary,31225,3779620,3.5
 Drama,510,108981275,0.5
 Adventure,1891,538400000,2
 Adventure,2493,30857814,3.5
 Adventure,85,389925971,4
 Comedy,68,0,4
 Horror,679,183316455,4
 Western,429,6000000,1
 Drama,389,1000000,4
 Adventure,947,69995385,4
 Science Fiction,185,26589000,3
 Crime,595,13129846,2
 Drama,28,89460381,5
 Western,335,5321508,2
 Adventure,1892,572700000,4
 Drama,144,3200000,3
 Thriller,1092,596349,2.5
 Drama,769,46836394,3
 Horror,348,104931801,3.5
 Fantasy,766,0,5
 Adventure,175,0,4
 Drama,539,32000000,3
 Drama,240,47542841,3
 Drama,600,46357676,4
 Drama,279,51973029,5
 Comedy,3109,0,4
 Comedy,703,38251425,3
 Drama,1398,0,3
 Action,387,85000000,4
 Comedy,343,0,3
 Fantasy,490,0,4
 Action,218,78371200,4
 Comedy,696,39946780,3
 Drama,379,5080409,3
 Drama,207,235860116,3
 Drama,1480,2247465,3.5
 Fantasy,422,0,5
 Crime,829,30000000,1
 Drama,828,0,3
 Action,3090,4307000,5
 Comedy,3063,0,2
 Horror,694,44017374,3
 Crime,235,52287414,3
 Drama,832,0,1
 Horror,765,5923044,2
 Romance,137,70906973,1
 Mystery,982,96105910,4
 Adventure,105,381109762,3
 Drama,1633,119418501,3
 Crime,1554,0,4
 Science Fiction,149,553171,5
 Adventure,8009,5900000,3.5
 Crime,903,16217773,5
 Comedy,3034,86273333,5
 Comedy,339,2015810,3
 Comedy,914,11000000,4
 Animation,756,83320000,3
 Western,288,8000000,2
 Crime,910,0,4
 Thriller,2640,1108462,5
 Action,665,146900000,3
 Adventure,89,474171806,3
 Drama,783,77737889,5
 Adventure,830,3250000,2
 Drama,2323,84431625,2
 Comedy,639,92823546,3
 Horror,571,11403529,4
 Horror,8851,0,2
 Romance,6114,215862692,3.5
 Horror,229,0,4
 Crime,1598,182300000,4
 Horror,7340,33800000,4.5
 Horror,377,25504513,3
 Fantasy,653,0,4
 Drama,145,3803298,3.5
 Action,2212,1179002,4
 Science Fiction,199,150000000,4
 Drama,64900,0,4
 Action,1573,240031094,4
 Science Fiction,152,139000000,4
 Science Fiction,174,96900000,2
 Science Fiction,172,70200000,1
 Action,154,96800000,4
 Science Fiction,157,87000000,2
 Science Fiction,168,133000000,3
 Action,364,280000000,3
 Romance,621,181813770,5
 Action,55687,0,3
 Comedy,378,29180280,5
 Comedy,2322,105232691,3.5
 Animation,3179,0,2
 Crime,4232,173046663,3
 Comedy,2928,119718203,4
 Drama,2892,0,3.5
 Action,8860,31987563,1
 Action,31000,0,2.5
 Comedy,4104,23202734,0.5
 Music,784,5770254,2.5
 Drama,1968,29481428,5
 Crime,66,50068310,1
 Drama,638,3675201,4
 Comedy,27322,0,3.5
 Comedy,1624,302710615,4
 Crime,4477,140807547,1
 Drama,105763,0,3
 Science Fiction,816,67683989,3
 Drama,2163,50159144,2
 Adventure,18,263920180,3
 Comedy,2058,34673095,2.5
 Adventure,330,229074524,2
 Drama,33660,0,4
 Action,1701,224012234,4
 Drama,26422,0,5
 Action,1639,164508066,2
 Action,415,238207122,2
 Comedy,8874,299288605,4.5
 Drama,266,528428,5
 Action,754,245676146,3
 Action,2142,44862187,3.5
 Science Fiction,8854,1686429,3.5
 Fantasy,4961,25480490,3
 Action,26180,0,3.5
 Action,1669,199200000,4
 Drama,468,0,4
 Crime,2118,126216940,4
 Drama,2649,109423648,5
 Comedy,2255,12021272,2
 Thriller,782,12532777,3
 Drama,1959,0,2.5
 Comedy,1281,251212670,1
 Drama,4995,43101594,4.5
 Crime,45928,0,4
 Adventure,563,121214377,3
 Comedy,2639,10686841,4
 Drama,489,225933435,4
 Crime,8197,25105255,4.5
 Comedy,6283,122417389,1
 Horror,4233,172363301,2.5
 Drama,597,1845034188,5
 Adventure,714,333011068,4.5
 Drama,62394,0,1
 Drama,547,186883563,4
 Comedy,184,39673162,4
 Action,32302,0,2
 Comedy,586,64256513,3
 Adventure,6116,100000000,4.5
 Romance,2923,0,4
 Comedy,2898,314178011,3
 Music,6970,0,4
 Thriller,617,67200000,1
 Crime,5910,0,1
 Drama,32456,2057193,3
 Action,8838,0,3
 Drama,267,1535558,3
 Adventure,6264,0,3.5
 Crime,4415,14096321,3.5
 Action,8656,140464664,2.5
 Science Fiction,929,379014294,4
 Adventure,1878,10680275,3
 Crime,1965,128038368,4
 Drama,312,0,3
 Mystery,846,189198313,4
 Romance,1389,77745568,1
 Drama,108548,0,3
 Action,95,553799566,1.5
 Action,944,285444603,3
 Mystery,473,3221152,1
 Romance,544,369884651,2.5
 Drama,3116,44785053,4
 Action,1051,41158757,3
 Drama,1366,117235147,5
 Drama,606,128499205,4
 Drama,746,43984230,2
 Drama,380,412800000,3
 Mystery,466,0,2.5
 Comedy,2108,51525171,3
 Horror,4488,59754601,3
 Horror,948,70000000,3
 Horror,41769,0,3
 Horror,609,122200000,3
 Adventure,941,120207127,4.5
 Action,942,227853986,3.5
 Adventure,943,321731527,4
 Fantasy,927,153083102,4
 Comedy,928,41482207,4.5
 Drama,19,650422,1
 Adventure,165,332000000,3
 Adventure,196,244527583,2
 Action,551,84563118,5
 Action,346,271841,3
 Action,841,30925690,4
 Crime,242,136766062,4
 Mystery,1411,1277401,3
 Documentary,1779,6706368,1
 Drama,678,0,5
 Drama,907,111858363,4
 Fantasy,5961,4971340,4
 Drama,2887,0,1
 Crime,793,8551228,4
 Science Fiction,97,33000000,4
 Comedy,2107,0,2
 Crime,227,33697647,2
 Adventure,87,333000000,3
 Fantasy,123,30471420,4
 Horror,2907,191502426,2
 Drama,4978,84542002,4.5
 Horror,805,33395426,3.5
 Comedy,2182,0,4
 Fantasy,4011,73326666,4.5
 Crime,1580,2200000,3.5
 Comedy,5854,7900000,4
 Crime,573,12600000,1
 Action,2370,6000000,4
 Mystery,5780,13000000,4.5
 Crime,506,7000000,3
 Adventure,574,10250000,3
 Crime,845,7000000,5
 Thriller,1978,0,1
 Music,3682,16757163,4
 Crime,117,76270454,4
 Drama,4175,0,3
 Mystery,940,0,4
 Drama,2762,0,3.5
 Thriller,2761,0,4.5
 Drama,8208,0,5
 Mystery,31930,0,4
 Drama,543,0,5
 Thriller,431,501818,3
 Drama,84116,0,4
 Comedy,3525,103173635,3
 Comedy,2321,21486757,3.5
 Comedy,2028,20036737,4
 Comedy,5971,0,4.5
 Drama,881,243240178,2
 Drama,4478,266614059,3
 Action,2109,244386864,5
 Action,8195,41610884,3
 Horror,1091,19629760,3
 Fantasy,162,53000000,4
 Adventure,8916,171757863,4
 Drama,3121,0,3.5
 TV Movie,4975,0,1.5
,134368,0,4.5
 Thriller,4437,40400657,5
 Drama,1955,26010864,4.5
 Fantasy,2657,0,2
 Comedy,637,229400000,2
 Comedy,8675,0,5
 Drama,73,23875127,5
 Drama,3033,6451628,4
 Drama,4518,82150642,4.5
 Horror,3600,40002112,3
 Comedy,8336,0,3.5
 History,2042,0,3.5
 Drama,309,0,5
 Horror,692,6000000,2
 Thriller,1678,0,3
 Action,1680,0,4
 Action,244,10000000,3
 Comedy,8130,27400000,3
 Adventure,707,152427960,3
 Science Fiction,200,118000000,4
 Romance,1934,289317794,3.5
 Romance,8879,41410568,3.5
 Action,1369,300400432,3
 Action,1370,189015611,3
 Drama,1367,200182160,3
 Drama,1371,270000000,2.5
 Drama,1374,300473716,4
 Drama,1375,119946358,3
 Drama,1885,90815558,4
 Comedy,5825,71320000,4
 Drama,1363,0,4
 Action,2620,15945534,4
 Comedy,8388,0,4
 Drama,6187,0,5
 Drama,8129,0,2
 Drama,2112,161626121,3
 Comedy,1542,12827813,5
 Comedy,26425,0,3.5
 Action,2362,0,4
 Action,1688,9700000,4
 Action,1687,12348905,2
 Comedy,100,3897569,4
 Romance,1641,93888180,2
 Drama,8583,0,2.5
 Action,603,463517383,3
 Comedy,4951,53478166,3
 Comedy,8970,29000000,2
 Drama,1414,0,5
 Comedy,6522,73345029,3
 Drama,1902,368234,1
 Action,1946,2856712,4
 Romance,1844,212404396,4
 Thriller,6552,4152230,1.5
 Crime,3309,5638000,4.5
 Adventure,564,415885488,3
 Comedy,4927,870751,4.5
 Comedy,8785,0,3.5
 Action,1924,300218018,5
 Horror,30793,0,3.5
 Fantasy,3103,0,2
 Drama,3035,12000000,4
 Horror,3077,0,3
 Fantasy,3074,0,4
 Fantasy,3076,0,3
 Horror,3079,0,4
 Thriller,43391,0,3
 Horror,8974,2000000,2.5
 Romance,509,363889678,4
 Thriller,1090,18564088,4
 Crime,2275,149705852,4.5
 Action,104,7267585,4
 Action,8487,222104681,3
 Drama,2767,0,2
 Comedy,2105,235483004,4
 Drama,1073,0,5
 Mystery,345,162091208,3
 Comedy,620,295212467,2.5
 Comedy,2978,215394738,2
 Action,332,0,3
 Comedy,1812,2049595,3
 Action,8914,73648228,4.5
 Comedy,4806,309457509,4
 Drama,247,0,3.5
 Drama,802,9250000,1
 Drama,3175,20000000,5
 Drama,147,0,3
 Horror,48660,0,1
 Crime,3934,0,4
 Music,2115,0,5
 Drama,3526,5000000,4
 Mystery,745,672806292,5
 Drama,913,124305181,5
 Romance,912,0,5
 Comedy,813,83453539,3
 Fantasy,2280,151668774,3
 Comedy,850,19294144,5
 Action,2038,0,3
 Adventure,1911,61698899,2
 Drama,2900,19598588,3
 Comedy,6373,0,4
 Action,2162,11263966,4
 Comedy,4338,0,5
 Action,43832,0,3
 Drama,14,356296601,2.5
 Comedy,704,12299668,4
 Drama,1049,140081992,3.5
 Comedy,2290,0,4
 Action,6415,108000000,1.5
 Comedy,5622,0,4.5
 Action,861,261317921,4
 Drama,2457,0,4
 Western,4929,6800000,3
 Drama,851,0,4
 Comedy,3086,0,4
 Drama,535,92921203,3
 Drama,2731,0,5
 Action,1654,45300000,4
 Romance,5689,58853106,4
 Western,391,14500000,3
 Drama,550,100853753,3
 Comedy,1610,0,3
 Action,5548,53000000,4
 Adventure,709,156167015,4
 Adventure,253,161777836,4
 Fantasy,492,22863596,5
 Documentary,8672,0,3.5
 Drama,8056,0,2.5
 Comedy,2020,36911617,4
 Science Fiction,1694,2023414,3
 Crime,476,4729352,4
 Action,961,0,5
 Comedy,957,38119483,4
 Comedy,37853,0,3.5
 Comedy,1621,90400000,3
 Comedy,4203,7179298,2
 Comedy,2039,80640528,3.5
 Comedy,2690,0,5
 Drama,2668,206071502,2
 Comedy,99,67872296,5
 Comedy,25898,0,3.5
 Drama,26371,0,2.5
 Drama,596,0,5
 Drama,293,43440294,5
 Action,2924,152368585,4.5
 Comedy,177,41895491,2
 Fantasy,497,284600000,3
 Drama,1715,88545092,3
 Drama,334,48451803,4
 Thriller,26578,0,5
 Comedy,926,90683916,3
 Thriller,1213,128798265,5
 Comedy,632,0,5
 Crime,2990,29381956,3.5
 Drama,1883,48169908,4
 Music,2005,231605150,5
 Music,6279,57319029,4
 Action,7305,36733909,2.5
 Music,8872,121697323,3.5
 Music,8873,47965000,4
 Thriller,619,411006740,3.5
 Drama,1923,4160851,4.5
 Horror,4234,161834276,3
 Drama,1907,144056873,4
 Thriller,2787,53187659,4
 Comedy,2069,106371651,3
 Comedy,901,19181,5
 Thriller,2155,32168970,4
 Comedy,1831,24362772,2
 Crime,4816,0,3
 Comedy,2193,22587000,2
 Science Fiction,2067,60874615,4.5
 Drama,5693,28607524,3.5
 Comedy,287,50888000,3
 Crime,968,46665856,5
 Comedy,838,140000000,4
 Western,3114,0,3.5
 Drama,820,205405498,5
 Comedy,8989,49998613,3
 Action,32031,0,3
 Comedy,918,39321715,4
 Adventure,2383,138241022,5
 Drama,1396,0,5
 Drama,1541,45361000,2
 Drama,1713,32482682,3
 Drama,996,2500000,3
 Science Fiction,1498,202000000,5
 Science Fiction,1497,78000000,3.5
 Action,1499,42000000,3
 Action,1880,38376497,4
 Comedy,801,123922370,2.5
 Action,2085,91036760,5
 Drama,3082,8500000,3
 Adventure,2102,0,5
 Drama,990,7600000,2.5
 Science Fiction,840,303788635,3
 Science Fiction,26689,0,2
 Drama,2291,25965144,4
 Adventure,526,18432000,1
 Comedy,243,47126295,4
 Western,6644,6000000,0.5
 Adventure,879,300854823,3
 Drama,593,0,3
 Romance,2621,36609995,4
 Fantasy,2006,0,4
 Comedy,1552,126297830,3
 Thriller,1359,34266564,3
 Comedy,4967,37036004,5
 Drama,27857,0,0.5
 Action,3536,127666415,4
 Science Fiction,889,59468275,4
 Drama,452,7235,5
 Drama,5241,1547397,2
 Action,98,457640427,3
 Drama,5608,0,4.5
 Drama,2094,3000000,4
 Adventure,955,546388105,4
 Adventure,8584,56932305,4.5
 Adventure,962,2500000,2
 Fantasy,5483,0,4
 Adventure,668,81974493,4.5
 Adventure,691,185438673,4
 Action,698,210308099,3
 Comedy,499,0,3
 Crime,42002,0,4
 Documentary,21,0,3
 Drama,6003,38901218,1.5
 Crime,541,0,5
 Western,938,15000000,5
 Romance,2075,26657534,4.5
 Horror,26554,0,4
 Science Fiction,169,57120318,3
 Action,865,38122105,4
 Adventure,8810,24600832,2
 Action,1727,0,3
 Horror,635,17185632,5
 Adventure,482,12121618,0.5
 Crime,592,4420000,5
 Crime,5121,12800000,5
 Comedy,195,0,4
 Action,6978,11000000,2.5
 Crime,3133,0,5
 Action,479,107196498,2
 Animation,7450,36754634,2
 Comedy,2123,149270999,2.5
 Drama,2024,215294342,1
 Drama,2133,325756637,3.5
 Horror,25993,0,2.5
 Adventure,494,1458000,4
 Action,493,10000000,4
 Comedy,4247,278019771,1
 Comedy,1050,0,1
 Drama,1788,80035402,4
 Drama,2655,155464351,3
 Crime,93,0,1
 Crime,2360,26330482,2
 Drama,8420,0,4
 Drama,3110,20000000,4
 Horror,26865,0,4.5
 Comedy,1588,90449929,2
 Action,1619,19125401,5
 Drama,786,47383689,2
 Drama,16,40031879,3.5
 Comedy,469,0,4
 Adventure,2160,7000000,3
 Adventure,2161,12000000,5
 Comedy,911,0,4
 Crime,1485,0,4.5
 Comedy,1597,330444045,2
 Drama,6521,0,2.5
 Thriller,2134,0,3.5
 Drama,71,110000000,1
 Fantasy,1636,90383208,1
 Action,4327,264105545,4.5
 Fantasy,4958,39459427,1
 Thriller,8870,33463969,4
 Adventure,681,116019547,3
 Family,8871,345141403,3.5
 Adventure,146,213525736,5
 Action,2669,8613462,3
 Comedy,2609,49230280,3
 Action,708,191185897,3
 Thriller,107,83557872,2
 Comedy,392,152500343,1
 Comedy,8859,73180723,0.5
 Comedy,3981,374111707,1
 Drama,711,80049764,3
 Horror,2046,12008642,5
 Drama,5001,8524534,3.5
 Comedy,5994,0,3.5
 Comedy,1493,212000000,4
 Thriller,1900,207515725,3.5
 Crime,5955,29400000,3.5
 Drama,2613,22697691,3
 Comedy,2018,94728529,5
 Action,4639,4278150,1
 Action,96,299965036,1
 Horror,764,29400000,5
 Adventure,580,51881013,1
 Drama,318,0,5
 History,7093,0,0.5
 Drama,1921,65754228,4
 Action,6073,147845033,4
 Action,2749,56359980,4
 Drama,2302,0,4.5
 Comedy,32686,0,3
 Romance,1888,0,3
 Drama,2428,15473333,1
 Action,2453,7434726,3
 Comedy,4587,35419397,3.5
 Mystery,77,39723096,4
 Drama,2575,28008462,3
 Drama,55,20908467,4
 Crime,2043,105178561,3
 Crime,4133,83282296,2
 Comedy,56715,0,4
 Crime,26791,852206,5
 Drama,70282,0,3.5
 Action,111,65884703,4
 Action,2144,0,5
 Adventure,1734,433013274,4
 Drama,4973,0,4
 Fantasy,849,16519460,4
 Adventure,2981,0,5
 Drama,3784,22773535,3
 Drama,934,460226,3.5
 Adventure,808,484409218,3.5
 Drama,824,179213434,3
 Action,1406,179033791,1
 Thriller,1632,34604000,2.5
 Western,966,4905000,4
 Western,301,5800000,5
 Comedy,4988,0,3
 Horror,6498,0,2
 Action,5923,20000000,3
 Action,1089,83531958,5
 Comedy,759,0,5
 Adventure,1995,274703340,2
 Action,2140,64437847,5
 Comedy,4248,141220678,1
 Crime,3134,940944,1
 Drama,5991,0,1
 Drama,4789,0,5
 Drama,976,0,4
 Adventure,2114,85131830,5
 Comedy,8835,141774679,1.5
 Animation,58904,13651656,3.5
 Thriller,5333,670774,4
 Thriller,4281,960040,3
 Drama,2,0,2
 Action,3980,13167232,4.5
 Comedy,27397,16262415,4
 Fantasy,5680,5596267,4
 Comedy,26386,28202109,4
 Comedy,2617,43455230,1
 Comedy,3543,3587303,2
 Comedy,2605,40697761,1
 Action,8337,13008928,3.5
 Drama,47493,0,3
 Comedy,8463,4865997,2.5
 Comedy,26603,0,3.5
 Adventure,1648,40485039,5
 Action,4105,45892212,4
 Fantasy,3064,0,4
 Action,4925,8125592,3
 Music,2210,3916303,4
 Drama,1380,2777280,5
 Crime,505,7237794,2
 Drama,4486,0,4
 Mystery,4296,0,3.5
 Adventure,331,368780809,3
 Crime,327,15250000,4
 Thriller,869,362211740,2
 Drama,552,0,3
 Comedy,2171,295206,4
 Action,6951,71079915,4
 Comedy,2616,79258538,1
 Comedy,7091,725131,3
 Comedy,249,0,3
 Adventure,183,14278900,5
 Music,2148,25928721,1
 Thriller,2057,35402320,3.5
 Drama,1627,0,4
 Comedy,2770,287553595,1
 Horror,1933,0,5
 Drama,1722,62112895,3.5
 Comedy,2779,0,3.5
 Comedy,2294,33788161,2
 Drama,742,0,2.5
 Drama,2176,23619609,5
 Action,2034,104876233,4
 Comedy,248,5000000,3
 Thriller,1644,0,1.5
 Drama,166,0,2
 Crime,1623,37121708,3
 Thriller,1018,20117339,3
 Action,984,35976000,5
 Action,2100,27642707,5
 Thriller,3173,0,2.5
 Drama,167,50315140,4
 Fantasy,141,1270522,5
 Animation,585,562816256,5
 Adventure,671,976475550,4
 Action,1535,143049560,4
 Fantasy,1433,6459020,3
 Drama,1999,0,3
 Drama,269,0,3
 Drama,3537,21202829,4
 Science Fiction,3604,27107960,3
 Adventure,6974,0,4
 Thriller,299,0,5
 Thriller,161,450717150,3
 Drama,31682,0,4.5
 Crime,4886,0,3.5
 Drama,228,0,2
 Comedy,194,173921954,4
 Drama,1903,203388341,4
 Adventure,1649,0,2
 Drama,453,313542341,2
 Drama,5279,87754044,0.5
 Drama,1365,44909486,4
 Drama,6440,0,3.5
 Comedy,6037,0,3
 Drama,98491,0,5
 Comedy,26686,0,3.5
 Fantasy,848,14110013,5
 Action,4965,0,4
 Thriller,150,78868508,5
 Comedy,112,0,5
 Comedy,651,81600000,1
 Drama,2637,55157539,4
 Comedy,2084,0,4
 Drama,51044,0,4
 Romance,4267,0,4
 Drama,4031,0,2
 Drama,2441,0,3
 Thriller,931,0,1
 Comedy,480,0,4
 Drama,614,0,2
 Comedy,2752,0,3
 Drama,40723,0,2
 Horror,7219,0,4
 Science Fiction,2135,123729176,1
 Romance,965,0,3.5
 Action,44004,15934737,3
 Action,26843,0,5
 Adventure,8690,0,3
 Drama,3418,0,1
 Comedy,4499,0,4
 Animation,425,383257136,3.5
 Drama,1391,33616692,0.5
 Action,2371,0,4
 Drama,1791,9801375,4
 Comedy,62956,46352,3.5
 Action,5678,0,2
 Crime,548,96568,4
 Action,1537,94935764,3
 Drama,441,705308,4
 Fantasy,2565,39404261,3
 Drama,307,0,4
 Documentary,1282,0,5
 Drama,52717,0,3.5
 Drama,5203,0,4
 War,2894,0,3
 Action,45186,0,2.5
 Horror,5425,0,2
 Drama,245,129000000,3
 Adventure,1894,649398328,2
 Drama,4012,416925,2
 Drama,1957,51801187,3.5
 Crime,320,113714830,3
 Comedy,27834,0,4.5
 Western,39435,0,3.5
 Adventure,1936,0,5
 Thriller,4614,193000000,3.5
 Horror,7216,0,2.5
 Action,2501,214034224,4
 Action,4993,0,3.5
 Drama,103299,3206713,3.5
 Action,180,358372926,3
 Comedy,2022,171269535,4
 Action,608,441818803,5
 Animation,59387,11411644,3
 Drama,2721,83305,3.5
 Drama,8665,35168966,3.5
 Comedy,818,296655431,3
 Drama,6404,0,3.5
 Drama,3780,0,2
 Action,7451,277448382,3.5
 Comedy,2750,0,4
 Romance,3640,0,3
 Horror,3127,0,3
 Drama,32825,0,4
 Action,4108,43928932,4
 Horror,26680,0,3.5
 Drama,233,23000000,4
 Comedy,5506,0,4
 Drama,575,0,3.5
 Comedy,1958,0,3.5
 Fantasy,129,274925095,3
 Documentary,72308,0,4
 Drama,2110,0,3
 Fantasy,1682,0,4
 Mystery,4989,0,3
 Comedy,1809,0,3
 Documentary,1430,35564473,2.5
 Drama,40815,0,1.5
 Thriller,1613,14,3
 Horror,565,249348933,4
 Action,5917,0,1.5
 Drama,25773,0,4
 Drama,225,0,3
 Crime,5062,0,5
 War,265,0,5
 Romance,2264,0,2
 Action,1672,0,4
 Documentary,9012,64282312,4
 Action,1941,21750000,3.5
 Drama,65,215000000,5
 Drama,542,0,4
 Thriller,2165,0,4
 Action,53000,0,3.5
 Comedy,1377,0,3
 Drama,2528,1942423,3
 Adventure,26325,36565280,4
 Drama,31921,0,4
 Drama,64,51001550,2
 Drama,2103,30002758,3
 Science Fiction,7011,0,3.5
 Comedy,2757,32801173,2
 Action,7299,5359645,4
 Comedy,4241,0,2.5
 Comedy,171,0,4
 Comedy,7303,154906693,3
 Science Fiction,201,67312826,4
 Drama,2755,105834556,2
 Adventure,121,926287400,3
 Crime,1429,13060843,4
 Comedy,2642,93354918,1
 Drama,2149,13273595,3
 Fantasy,8392,0,2
 Comedy,31804,0,3.5
 Drama,4561,0,4
 Drama,640,352114312,3
 Drama,590,41597830,5
 Drama,423,120072577,3
 Comedy,262,0,5
 Comedy,4912,33013805,4
 Comedy,26393,11690,3.5
 Drama,1484,0,3
 Comedy,5968,0,3
 Action,1647,101191884,3
 Adventure,4628,0,5
 Comedy,3028,0,1
 Documentary,1563,30878,5
 Crime,2262,0,2
 Mystery,1956,0,4
 Romance,3426,0,4
 Comedy,2984,2000000,5
 Action,26172,0,4
 Comedy,4952,0,3
 Drama,991,0,3
 Action,4911,9237470,3
 Drama,102,0,3
 Drama,1591,0,4
 Comedy,455,76578641,3
 Horror,2671,8690429,4
 Drama,2525,0,2
 Documentary,51927,97000,3
 Crime,6016,0,2
 Romance,7294,0,3
 Horror,2662,16829545,4
 Crime,994,3251794,4
 Mystery,2832,90259536,3
 Drama,1816,14202899,2.5
 Drama,1555,3897799,4
 Action,5146,20440627,4
 Animation,12,940335536,3
 Documentary,2260,3117985,2
 Drama,1088,41400000,2
 Action,47423,4303351,0.5
 Adventure,6646,0,3
 Drama,26317,0,2
 Comedy,290,6153939,5
 Comedy,2470,0,4
 Crime,2263,6263883,3
 Drama,2527,0,4
 Romance,6643,0,4.5
 Mystery,2071,11511031,4
 Horror,170,82719885,2.5
 Romance,216,0,1
 Comedy,39231,0,4
 Drama,1927,245360480,3
 Action,296,435000000,4
 Thriller,302,22441323,3
 Adventure,22,655011224,2.5
 Drama,554,0,3
 Adventure,8961,273339556,2
 Action,1996,156505388,2
 Drama,4464,148336445,4
 Drama,4984,0,1
 Comedy,8273,231449203,4
 Drama,8094,20957001,4.5
 Action,78041,0,3.5
 Drama,833,0,3
 Action,3101,0,4
 Horror,6466,114908830,3
 Western,2055,68296293,4
 Comedy,2771,6003587,1
 Drama,48791,0,5
 Music,3055,50000000,3
 Horror,26198,3661757,3.5
 Comedy,936,10878107,4
 Comedy,4593,0,2
 Drama,2891,0,1
 Drama,38304,0,4
 Drama,513,501533,1
 Comedy,333,0,3
 Romance,2722,0,2
 Comedy,1415,742898,3
 Action,1428,98185582,5
 Drama,153,119723856,4
 Drama,4703,0,3
 Comedy,2687,14358033,5
 Fantasy,277,95708457,4.5
 Documentary,61401,0,3
 Comedy,321,3031801,5
 Drama,20,9726954,1.5
 Documentary,5168,0,4.5
 Horror,837,2120439,4
 Documentary,1358,0,2
 History,2200,0,4
 Drama,891,70600000,3
 Crime,650,57504069,5
 Comedy,4543,0,3
 Action,6723,21633874,3.5
 Crime,26850,221295,3
 Drama,3087,0,2
 Thriller,2116,55495563,3
 Comedy,1584,131282949,4
 Drama,2056,8679814,3.5
 Thriller,322,156822020,2.5
 Action,24,180949000,3.5
 Comedy,1550,0,3
 Drama,1807,10012022,1.5
 Crime,1376,0,3
 Comedy,2348,616938,4
 Horror,3117,0,3
 Drama,897,170215,4
 Drama,224,0,4
 Comedy,43708,320092,3.5
 Adventure,605,424988211,4
 Romance,1277,585604,3.5
 Drama,1836,0,2
 Comedy,508,244931766,4
 Horror,4970,141591324,4
 Drama,470,60427839,3
 Action,1702,1422749,3
 Drama,4823,28590665,2.5
 Drama,5000,10188,3.5
 Drama,780,0,3
 Drama,234,0,4
 Drama,899,0,5
 Action,5227,0,1
 Action,8010,15556340,4
 Comedy,2297,0,4
 Comedy,951,201957688,5
 Mystery,5765,0,5
 Drama,1643,36144000,4
 Drama,2007,7286388,2
 Fantasy,2612,15379253,3
 Thriller,3112,0,5
 Comedy,2611,21830957,5
 Drama,3176,25000000,3.5
 Action,2047,0,4
 Drama,1626,24517,1
 Comedy,483,14560247,1
 Comedy,3681,0,3.5
 Drama,898,3100000,5
 Adventure,2000,0,5
 Drama,648,0,4
 Drama,4024,0,2.5
 Western,3089,9012000,3
 Comedy,1594,12368234,2
 Action,916,42300873,1
 Drama,1976,0,4
 Romance,31685,0,0.5
 Music,3062,2281000,4
 Drama,79,177394432,2
 Romance,987,0,3
 Adventure,81,3301446,3
 Mystery,42740,0,2.5
 Horror,4368,0,0.5
 Drama,3596,0,1
 Comedy,120637,0,1.5
 Comedy,255,0,5
 Drama,616,456758981,3
 Adventure,587,122919055,3
 Drama,6964,266728738,3.5
 Comedy,1792,33828318,3
 Drama,3635,31466789,3.5
 Adventure,122,1118888979,3
 Comedy,47952,0,3
 Crime,504,60378584,3
 Drama,2289,173013509,5
 Adventure,42418,0,3.5
 Drama,31026,0,4.5
 Comedy,5966,171963386,2.5
 Drama,1937,0,3
 Drama,26712,0,5
 Drama,1882,0,1.5
 Comedy,427,0,3
 Drama,3022,0,4.5
 Comedy,778,0,4
 Drama,3088,0,2.5
 Action,980,0,1
 Documentary,5205,0,3.5
 Action,2017,0,5
 Drama,405,0,2
 War,5055,0,3
 Drama,27329,0,4
 Science Fiction,1954,96060858,5
 Drama,1278,15121165,5
 Action,7008,0,3.5
 Comedy,1824,196482882,5
 Drama,337,11576431,4
 Drama,43376,0,3
 Action,2099,16209459,4
 Action,6470,0,3
 Drama,615,611899420,3
 Comedy,338,79384880,3
 Western,2023,108103450,1.5
 Thriller,1586,92913171,3.5
 Comedy,156,0,5
 Fantasy,924,102356381,4
 Science Fiction,38,72258126,1
 Comedy,5516,0,1
 Crime,553,16680836,3
 Fantasy,1487,99318987,5
 Comedy,2122,26155781,2
 Horror,923,55000000,5
 War,2587,0,2
 Action,3591,0,3
 Comedy,26176,0,3
 Horror,68347,0,4.5
 Comedy,2098,0,1
 Action,393,152159461,3
 Drama,237,2500000,3.5
 Horror,7131,300257475,3.5
 Comedy,42015,0,3.5
 Documentary,132,0,4
 Comedy,4339,0,4
 Drama,5247,0,3
 Drama,502,0,3
 Drama,1373,0,2
 Action,667,111584787,5
 Adventure,700,187500000,3
 Fantasy,44864,0,2.5
 Drama,633,0,5
 Drama,294,2400000,3
 Drama,1162,2500000,4
 Thriller,988,51718367,2.5
 Drama,204,0,4
 Comedy,5248,0,1
 Drama,2786,0,2
 Drama,26133,0,2.5
 Drama,2817,0,1
 Drama,1394,0,3
 Drama,1719,0,5
 Drama,781,0,5
 Drama,3777,0,3.5
 Drama,1926,0,2
 Fantasy,4923,0,4
 Romance,465,0,5
 Action,876,0,5
 Comedy,1583,0,2
 Horror,31952,0,4.5
 Western,336,0,3
 Action,5927,0,4
 Horror,3075,0,3.5
 Drama,5521,0,0.5
 Documentary,222,0,5
 Adventure,1059,0,5
 Thriller,3547,0,4
 Horror,5481,0,2
 Drama,7090,447741,3
 Documentary,42632,0,4
 Drama,5902,50750000,4
 Drama,4552,0,4
 Comedy,26326,0,4.5
 Action,42725,0,3.5
 Comedy,4291,0,3
 Drama,113,6502364,2
 Comedy,3001,0,2
 Comedy,62383,0,3.5
 Drama,203,3000000,3
 Action,26268,12000000,4
 Comedy,316,0,2
 Drama,3072,0,4
 Action,250,0,5
 Comedy,43267,0,5
 Drama,42013,0,2
 Drama,631,121,3
 Crime,48385,0,4.5
 Comedy,439,19516000,1
 Comedy,2546,0,3
 Drama,5165,0,4
 Drama,5544,0,4
 Comedy,42728,0,3
 Drama,5071,0,5
 Adventure,1994,0,5
 Drama,870,0,3
 Adventure,809,919838758,3
 Action,435,544272402,1
 Adventure,673,789804554,1
 Adventure,246,0,5
 Action,2789,115772733,3
 Animation,8920,200804534,3.5
 Drama,26886,0,3
 Comedy,46976,0,3.5
 Mystery,831,0,4
 Romance,662,0,3
 Romance,8341,0,5
 Drama,886,15260000,1.5
 Horror,3019,0,4
 Drama,3515,490964,4
 Comedy,594,219417255,5
 Drama,8981,0,5
 Drama,1944,0,4
 Adventure,1997,62172050,3.5
 Action,2330,268254,5
 Action,2334,65497208,3
 Drama,2912,0,4
 Adventure,2202,0,5
 Adventure,3484,0,0.5
 Action,1777,119114517,4
 Action,558,783766341,3
 Drama,80,15992615,5
 Comedy,8699,90574188,5
 Action,2048,347234916,4.5
 Drama,436,0,3
 Action,2502,288500217,3.5
 Action,314,82102379,4
 Drama,1040,0,4
 Drama,5122,0,4
 Action,1783,0,4
 Comedy,31522,100655,4
 Drama,5179,0,5
 Action,4201,0,5
 Thriller,69526,0,3
 Drama,6947,256697520,1
 Comedy,401,26781723,4
 Drama,2577,0,3
 Crime,60760,0,3.5
 Comedy,8745,0,3.5
 Comedy,32298,0,3.5
 Drama,124,0,3
 Mystery,5137,57958696,4.5
 Drama,2003,0,2
 Drama,1653,16756372,3
 Horror,747,30039392,3.5
 Horror,27816,0,2.5
 Horror,27815,0,4
 Adventure,8689,0,4
 Comedy,1599,0,1
 Drama,4380,170128460,2
 Music,3989,50907422,3
 Music,2438,0,4
 Comedy,3053,0,2
 Horror,1970,183474602,4
 Thriller,4553,8203235,4.5
 Horror,176,103911669,4
 Adventure,5255,305875730,3
 Drama,866,116766556,3
 Drama,4251,29385320,4
 Adventure,2059,347451894,3.5
 Crime,140,40266982,3
 War,1966,167298192,5
 Drama,2288,115505027,3
 Thriller,163,362744280,2
 Science Fiction,25952,0,4.5
 Drama,3016,0,3
 Horror,2972,0,1
 Fantasy,992,0,2
 Drama,3060,22000000,5
 Drama,1405,0,1
 Drama,964,0,2
 Drama,939,0,4
 Documentary,697,0,4
 Drama,905,0,3.5
 Drama,3061,0,4
 Drama,626,0,2
 Drama,27899,0,4
 Romance,5729,7940,3
 Thriller,3574,0,0.5
 Romance,875,0,4
 Drama,779,0,0.5
 Adventure,3031,0,3
 Romance,43904,0,2.5
 Thriller,55207,0,4
 Drama,26701,0,4
 Crime,3766,0,3
 Drama,946,0,4
 Drama,4558,0,3
 Crime,800,0,5
 Drama,3111,0,5
 History,803,0,4.5
 Drama,31374,0,4
 Drama,56156,0,1.5
 War,34528,0,4
 Drama,31427,0,4.5
 Crime,690,0,4
 Drama,750,0,4
 War,34530,0,2
 Drama,3010,0,4
 Drama,4025,0,4.5
 Horror,3763,0,2
 Drama,7348,0,2
 Family,2661,0,4
 Horror,2097,0,3
 Documentary,135,0,4
 Mystery,4191,44566,1
 Drama,5638,0,3
 Crime,1846,0,4
 Drama,2860,0,3
 Crime,26606,0,4
 Drama,2998,1000000,4
 TV Movie,839,0,5
 Adventure,40732,0,4
 Comedy,760,0,5
 Comedy,1410,0,2
 Drama,5558,0,2.5
 Horror,3043,0,1
 Drama,8327,0,4
 Romance,5618,0,1.5
 Crime,1835,2000000,3.5
 Drama,3870,0,3
 Drama,1660,0,3
 Comedy,6476,0,3
 Adventure,26842,0,4
 Comedy,5651,0,2.5
 Science Fiction,6341,42313354,3
 TV Movie,7012,0,2
 Action,232,2494480,4
 Drama,30707,6472990,4.5
 Adventure,1884,0,4
 Documentary,33138,0,5
 Comedy,26555,12308521,1
 Comedy,4043,0,3
 Drama,49314,0,3.5
 Comedy,4271,0,4
 Science Fiction,2927,0,4
 Drama,31923,0,4
 Fantasy,1483,0,3
 Documentary,4539,0,3
 Mystery,31696,15429177,3.5
 Drama,5048,1750301,3.5
 Drama,47714,0,3
 Drama,5051,0,2.5
 Comedy,5187,0,4
 Animation,8983,0,2.5
 Drama,2460,0,4
 Thriller,8765,0,4
 Action,5470,1531251,3
 Comedy,1283,0,3
 Adventure,7096,0,5
 Crime,344,0,3.5
 Action,2487,0,3
 Adventure,3716,0,3
 Drama,5458,0,1
 Fantasy,844,19271312,3
 Drama,2463,0,4
 Drama,52666,0,2.5
 Crime,467,0,2
 Family,2899,111127553,4
 Drama,3577,0,3.5
 War,2440,0,4
 Drama,41714,0,3.5
 Fantasy,919,0,5
 Comedy,211,0,4
 Thriller,2191,0,0.5
 Thriller,437,0,3
 Comedy,4592,0,1
 Drama,2111,0,3
 Action,4612,0,4.5
 Comedy,4326,0,5
 Action,3177,0,1
 Comedy,4972,0,3
 Drama,2841,0,4
 Drama,363,11030861,5
 Comedy,4254,13200241,3.5
 Drama,670,14980005,4.5
 Drama,1913,38535221,3
 Comedy,2539,55041367,2
 Drama,5528,0,1
 Documentary,1114,0,3
 Crime,179,162944923,2
 Drama,83,54667954,3
 Drama,4836,11850214,3
 Comedy,3396,0,3.5
 Drama,1404,0,4
 Romance,464,0,4
 Drama,1126,0,3
 Documentary,1392,3515061,3
 Documentary,291,3166000,1
 Drama,5460,0,4
 Comedy,4896,0,3.5
 Animation,3509,7659918,3
 Comedy,986,0,3.5
 Drama,70,216763646,1
 Drama,205,38000000,4
 Adventure,118,474968763,3
 Drama,1280,0,3
 Adventure,421,34808403,2
 Drama,2567,102000000,1
 Comedy,1901,0,3
 Drama,842,3537961,2
 Comedy,79008,0,4.5
 Action,34326,0,4
 Drama,59143,0,3
 Crime,2091,0,5
 Crime,8422,0,3
 Science Fiction,26581,0,2
 Comedy,342,0,3
 Drama,613,92180910,4
 Drama,273,0,4
 Thriller,8968,67192859,3
 Comedy,6961,47175038,2.5
 Drama,2517,0,2
 War,661,0,4
 Action,2436,2341309,3
 Comedy,42011,0,3
 Action,7454,0,3
 Documentary,41569,0,4
 Drama,561,230884728,3
 Drama,8340,0,4.5
 Drama,6414,0,3.5
 Thriller,1942,0,4
 Fantasy,3040,32000000,5
 Action,2926,0,5
 Drama,4710,0,4
 Drama,4974,0,2
 Comedy,258,0,1
 War,8016,0,2.5
 Crime,4235,0,4
 Drama,26,0,3
 Mystery,2026,77944725,3
 Fantasy,3115,0,4
 Action,6593,0,1
 Drama,1918,0,2
 Drama,1093,263404,2
 Mystery,438,0,3
 Romance,1589,0,2
 Action,540,0,1.5
 Drama,32078,0,3
 Comedy,158,0,2
 Drama,1772,0,4
 Action,187,158733820,3
 Comedy,2029,0,5
 Comedy,49225,0,3.5
 Drama,3875,0,2.5
 Drama,74948,0,4
 Adventure,775,0,2
 Crime,69069,0,4
 Adventure,7453,104478416,3
 Romance,6183,0,4
 Drama,1495,211643158,1
 Drama,1640,98410061,1
 Drama,26614,0,5
 Drama,26810,0,2
 Drama,1566,0,4
 Drama,37720,0,3
 Drama,1279,0,4
 Science Fiction,1895,850000000,2.5
 Drama,27,1574623,3
 Family,953,532680671,3
 Romance,921,108539911,4
 Action,787,478207520,5
 Comedy,3011,0,4
 Action,272,374218673,3
 Documentary,2287,0,5
 Comedy,1382,0,1
 Drama,276,0,1
 Comedy,2151,0,3.5
 Crime,26323,0,4.5
 Thriller,2095,0,3
 Adventure,74,591739379,2
 Thriller,4889,0,4
 Documentary,1667,127392239,3
 Comedy,1826,23727301,1
 War,36401,0,2
 Action,1635,162949164,4
 Drama,1696,0,2
 Drama,1665,1928985,3.5
 Horror,5237,0,4
 Comedy,308,45742101,4
 Drama,5319,0,3.5
 Comedy,1444,0,4
 Documentary,501,0,5
 Comedy,6957,109449237,4
 Thriller,1917,0,4
 Mystery,445,36000000,3
 Adventure,4442,105316267,5
 Drama,1985,82466670,2
 Horror,7182,0,3
 Comedy,340,2697930,3
 Comedy,1546,1919197,4
 Drama,51277,0,4.5
 Romance,1676,0,4
 Adventure,8814,55987321,1
 Comedy,3118,0,4
 Action,2125,0,4
 Drama,1947,18618284,4
 Drama,49220,0,3.5
 Crime,8643,144216468,3
 Romance,3933,117195061,0.5
 Crime,8923,3154346,4.5
 Drama,59,60740827,5
 Crime,257,42093706,4
 Action,647,0,1.5
 Comedy,349,0,4
 Adventure,533,192452832,3
 Action,5236,15785148,1
 Action,5471,92076,3
 Drama,3527,0,3
 Drama,26513,0,2.5
 Comedy,2610,11588205,4
 Documentary,41566,0,4
 Comedy,6963,12482775,4
 Horror,215,152925093,4.5
 Comedy,2313,0,3.5
 Mystery,5335,0,2
 Drama,3554,0,3
 Drama,1951,674918,3
 Action,25763,8720000,2
 Comedy,259,0,3
 Drama,25,96889998,3
 Horror,5620,0,0.5
 Drama,231,94000000,3.5
 Drama,8999,57479076,4
 Adventure,674,895921036,3
 Drama,69,186438883,4.5
 Drama,1833,31670620,2
 Drama,1420,0,5
 Action,9005,0,2.5
 Action,7010,0,3.5
 Action,2153,0,5
 Drama,116,85306374,4
 Adventure,254,550000000,3
 Drama,1904,162242962,3.5
 Fantasy,2008,0,1
 Drama,917,0,4
 Drama,84847,0,4
 Comedy,8290,0,0.5
 Drama,612,130358911,3
 Drama,546,13350369,1
 Comedy,2800,88933562,3
 Drama,4495,0,3
 Adventure,43899,0,3
 Action,6935,0,4
 Drama,4550,23803308,2
 Drama,6934,0,1.5
 Horror,1690,80578934,3
 Fantasy,834,111340801,3
 Drama,26782,0,3
 Thriller,4772,0,5
 Drama,2455,0,2.5
 Drama,2117,0,4.5
 Action,1969,10496317,0.5
 Drama,97936,0,3
 Horror,17,0,5
 Thriller,45726,0,2.5
 Comedy,30712,0,4
 Comedy,292,11718595,3
 Drama,77291,0,5
 Drama,1544,2455831,3
 Action,2207,65664721,4
 Comedy,6877,128406887,4
 Animation,950,660940780,4
 Drama,4173,0,3.5
 Drama,1967,0,3
 Crime,388,184376254,4
 Science Fiction,25874,0,0.5
 Crime,1379,1615018,4
 Drama,582,70000000,4
 Drama,52885,0,4
 Drama,186,56308881,3
 Drama,8410,0,4
 Comedy,219,85582407,4
 Crime,3093,38629478,5
 Comedy,460,0,2
 Comedy,8998,13368437,3.5
 Drama,4441,2077763,3
 Thriller,84954,0,1
 Drama,2652,7022209,4
 Comedy,1629,30857,1
 Action,5820,77920346,4.5
 Horror,588,97607453,3
 Action,8982,27165581,3.5
 Adventure,956,397850012,4
 Thriller,1416,0,3
 Animation,920,461983149,3.5
 Action,26116,0,3.5
 Drama,806,119188334,1
 Romance,2044,114830111,3
 Comedy,350,326551094,4
 Adventure,58,1065659812,3
 Comedy,1819,130431368,5
 Comedy,2295,26888376,4
 Fantasy,4474,60896147,3
 Drama,1887,60474340,2
 Mystery,1841,0,4
 Drama,1611,0,5
 Comedy,410,0,3
 Action,4375,0,4
 Drama,8008,0,3
 Documentary,7872,0,2.5
 Drama,1164,135330182,1
 Adventure,71282,0,2.5
 History,43838,0,3.5
 Action,326,62022014,5
 Comedy,512,31584901,4
 Action,1593,574480841,3.5
 Drama,1852,162945894,3
 Comedy,1262,53653224,1.5
 Action,82,163794509,5
 Drama,1986,0,4
 Romance,2805,0,2.5
 Action,1948,42931041,4
 Drama,148,0,4
 Drama,1023,0,4
 Drama,2168,0,4.5
 Drama,1165,123384128,1.5
 Drama,64499,0,5
 Adventure,271,0,3
 Horror,5072,0,2.5
 Drama,2566,0,3
 Drama,1249,16803753,3
 Drama,1963,0,4
 Drama,1381,15304890,3
 Comedy,300,9524340,3
 Drama,390,0,3
 Drama,1595,0,0.5
 Drama,1717,9450897,4
 History,2753,203781,1
 Comedy,496,261572744,2
 Fantasy,1417,83258226,2
 Action,4643,55011732,3
 Adventure,7484,197309027,4
 Drama,1422,289847354,4
 Thriller,8332,0,3.5
 Adventure,3593,0,4
 Horror,1975,39143839,2
 Documentary,39183,0,4.5
 Drama,86,0,4
 Romance,1440,14821658,3
 Drama,1523,48027970,4
 Romance,1378,5179037,4
 Drama,1124,109676311,3
 War,3683,65900249,4
 Crime,8194,516139,2.5
 Action,6077,767311,4.5
 Horror,214,163876815,2
 Action,1123,4291965,3
 Crime,1427,132180323,3
 Drama,4928,0,3
 Documentary,2152,0,3.5
 Comedy,2357,580527,3
 Comedy,1581,194168700,2
 Romance,313,1381665,4
 Drama,2447,0,2.5
 Drama,1372,170877916,3
 Drama,54910,0,0.5
 Fantasy,2486,249288105,3
 Drama,1246,155721132,1
 Action,40574,0,3
 Drama,46948,0,3.5
 Drama,1247,59908565,4
 Drama,1125,154937680,5
 Crime,1646,41170784,2
 Horror,1730,849055,5
 Comedy,8618,13401952,3
 Drama,1259,49469904,4
 Action,1251,68673228,3
 Drama,1931,75511123,4
 Comedy,8275,0,3.5
 Music,2433,0,4
 Drama,2204,0,4.5
 Drama,3549,0,4
 Comedy,6166,0,4
 Drama,46919,0,4
 Adventure,1265,137587063,5
 Comedy,1257,69485490,5
 Crime,1248,82169884,3
 Drama,1252,0,5
 Animation,2062,623722818,3
 Drama,2266,4857367,3
 Adventure,5172,11130889,4
 Drama,2016,22963701,2
 Drama,3024,0,3
 Crime,47200,0,3.5
 Thriller,1250,228738393,4.5
 Drama,4169,33231264,4.5
 Thriller,3594,77566815,4
 Comedy,26655,0,4.5
 Action,42721,0,1
 Action,27523,0,3.5
 Crime,4638,80573774,1
 History,1993,0,2
 Comedy,5691,0,2.5
 Drama,1253,8974829,4
 Crime,1949,84785914,3.5
 Fantasy,8965,0,3
 Action,1271,422610419,3
 Adventure,2267,27297451,4
 Horror,1255,88489643,2
 Drama,2977,37311672,2
 Drama,5413,0,0.5
 Drama,2355,22222308,3.5
 Adventure,1273,95608995,4
 Drama,8199,0,4.5
 Comedy,5177,0,4.5
 Thriller,1683,62771059,1
 Animation,1267,169332978,5
 Science Fiction,1272,32017803,3.5
 Drama,1590,0,4.5
 Romance,1407,0,5
 Drama,1441,5549200,3
 Horror,1987,0,2
 Family,1268,229736344,3
 Fantasy,559,890871626,5
 Drama,1950,5761917,3
 Animation,4977,944915,3
 Drama,27904,0,2.5
 Fantasy,2269,38862717,2.5
 Drama,1919,0,4
 Comedy,4964,219076518,4.5
 Family,2976,90450008,2
 Horror,1562,64238440,1.5
 Fantasy,810,798958165,3
 Drama,5723,20710513,4
 Adventure,285,961000000,4
 Drama,3432,41637263,1
 Crime,3489,16930884,2
 Comedy,2241,0,4
 Mystery,1990,486021,3
 Adventure,1979,289047763,1
 Action,1991,25037897,3.5
 Romance,2748,0,3
 Documentary,2359,24538513,4
 Comedy,442,28000000,4
 Romance,43836,0,3.5
 Drama,1988,18928871,3
 Horror,3021,94679598,5
 Action,1571,383531464,1
 Comedy,2959,69307224,5
 Drama,6022,0,4
 Adventure,1858,709709780,5
 Comedy,3563,186072214,1
 Adventure,4688,0,4
 Action,81847,0,1
 Comedy,32444,0,4
 Drama,757,0,4
 Animation,35,527068851,3
 Crime,5857,9620399,1
 Comedy,3638,92601050,3.5
 Comedy,4516,0,3
 Drama,59995,0,4.5
 Adventure,1721,0,4.5
 Comedy,8363,121463226,1.5
 Documentary,4658,0,2
 Drama,5956,719968,2.5
 Drama,6535,4778376,3.5
 Drama,1127,0,5
 Documentary,1393,0,3.5
 Drama,2701,0,1
 Thriller,4349,86658558,4
 Horror,2082,80253908,2
 Comedy,1845,19776159,4
 Action,6609,0,4
 Action,2335,0,3
 Crime,4351,0,3
 Romance,2882,0,1
 Horror,1992,0,4
 Action,4141,26820641,3.5
 Drama,4347,129266061,3.5
 Drama,523,0,2
 Drama,2009,1185783,3
 Drama,3469,0,4
 Drama,4629,46474,2
 Action,5353,0,2
 Thriller,2252,55112356,4
 Comedy,6641,0,4
 Adventure,5915,56255142,3.5
 Action,2728,0,4
 Comedy,7211,68377859,4.5
 Adventure,4538,24377151,1
 Drama,2001,54926886,3
 Drama,4566,92991835,2
 Drama,4520,342835,5
 Comedy,6615,11293663,1.5
 Drama,5125,24748670,2
 Drama,3877,2849142,2
 Drama,8954,0,3.5
 Crime,4771,34619699,4
 Drama,1922,0,4
 Animation,2011,0,3
 Comedy,33688,0,1
 Comedy,90374,0,4
 Drama,2014,17804565,4
 Horror,663,139352633,2
 Action,48301,0,4
 Drama,2015,0,3
 Drama,7347,0,3
 Comedy,5718,1027699,3
 Comedy,25755,0,3.5
 Drama,2013,19777647,3
 Crime,6977,171600000,3
 Action,4515,63215872,3.5
 Action,5375,97838349,3
 Adventure,2310,195735876,4
 Comedy,2284,69474661,5
 Drama,6639,4607608,4
 Comedy,4723,374743,3.5
 Science Fiction,5876,57096190,5
 Comedy,4523,340487652,3
 Action,1620,99965753,4
 Adventure,2268,372234864,5
 Comedy,6477,361366633,3.5
 Drama,3902,4001121,4.5
 Horror,6537,44000000,2.5
 History,1874,0,3
 Drama,1989,21786738,2
 Drama,7979,73276047,4.5
 Comedy,6538,119000410,4
 Fantasy,440,41797066,4
 Drama,1488,0,4
 Crime,4787,0,5
 Comedy,33358,152810,4
 Adventure,2312,0,3
 Horror,3575,0,5
 Action,4034,0,4.5
 Drama,1479,0,1.5
 Drama,2282,0,0.5
 Drama,55294,0,2.5
 Comedy,7942,33000000,3
 Action,6473,0,4
 Adventure,7840,266000000,4
 Thriller,8848,64822796,2
 Drama,2239,60641,4
 Drama,7343,307076,1.5
 Drama,3764,0,3
 Drama,33166,0,5
 Drama,383,0,3
 Drama,155,1004558444,4.5
 Drama,36527,0,5
 Drama,511,0,3
 Drama,8093,0,3.5
 Drama,25904,0,3.5
 Drama,8988,11207130,4
 Documentary,7944,0,4.5
 Drama,8267,0,3.5
 Action,1266,65569869,4
 Drama,8827,0,4
 Action,7459,93945766,5
 Action,1729,127906624,1
 History,1810,0,2.5
 Crime,8617,14796236,3.5
 Action,1726,585174222,2
 Adventure,2454,419651413,5
 Adventure,217,786636033,2
 Comedy,4564,415252786,1.5
 Crime,4857,0,3.5
 Comedy,3687,0,3.5
 Adventure,2982,0,5
 Thriller,8645,163403799,2
 Crime,1938,0,4
 Drama,26302,0,3.5
 Action,78321,0,1
 Action,31658,0,3.5
 Adventure,43869,0,4
 Drama,42718,0,4.5
 Drama,428,0,3
 Comedy,9010,0,5
 Drama,2002,0,3
 Comedy,32666,0,1
 Drama,8836,68369434,0.5
 Drama,70846,0,0.5
 Documentary,4140,0,5
 Adventure,1735,401128639,0.5
 Drama,5038,96408652,4
 Drama,1661,0,1.5
 Drama,2012,0,1
 Action,43177,0,1
 Drama,3865,0,5
 Action,25795,0,4
 Drama,3,0,4
 Documentary,8908,0,1
 Drama,4998,0,3
 Drama,3041,0,3
 Drama,47721,0,1
 Drama,1984,0,1
 Drama,50011,0,4.5
 Drama,8882,0,3
 War,3097,25800,4.5
 Drama,4960,0,4
 Action,2397,0,3
 Drama,8338,19844979,3.5
 Crime,3580,113020255,5
 Drama,4701,0,3
 Romance,8938,0,5
 Action,4627,0,2
 Drama,8892,7356393,4
 Western,111759,0,4.5
 Drama,3520,0,1
 Adventure,8966,392616625,3.5
 Romance,2574,0,1
 Drama,1964,0,3
 Drama,8880,0,3
 Comedy,25852,0,5
 Action,3054,2400000,1
 Comedy,5816,0,3
 Drama,2694,0,3
 Drama,2253,200276000,3
 Drama,6936,0,1
 Drama,4148,75225693,1
 Comedy,8927,0,3
 Comedy,53519,0,3
 Drama,317,0,2
 Mystery,1977,38610009,1
 Drama,85394,0,4.5
 Documentary,4832,0,3
 Horror,5677,0,3
 Comedy,1961,173066,5
 Drama,434,0,4
 Drama,8832,11260366,1.5
 Action,7916,0,3.5
 Drama,5334,0,4
 Comedy,52528,0,4
 Documentary,62437,0,4
 Drama,43396,0,3.5
 Action,3632,0,5
 Music,1940,0,5
 Drama,1387,0,5
 Action,8833,0,3.5
 Comedy,112582,0,4
 Adventure,2080,373062864,5
 Drama,6461,0,4.5
 Action,42738,0,2.5
 Action,534,371353001,4
 Documentary,2049,0,2.5
 Comedy,101362,0,3
 Action,81512,0,2.5
 Comedy,761,0,2
 Drama,8933,0,5
 Comedy,4498,0,4
 Science Fiction,8373,836297228,2.5
 Action,4990,0,4
 Drama,8884,0,4
 Adventure,767,933959197,4
 Drama,3478,0,4
 Drama,8937,0,4.5
 Documentary,685,0,4
 Crime,8899,0,4
 Music,26320,0,2.5
 Drama,2861,0,2
 Comedy,5060,0,1.5
 Comedy,2979,0,2
 Thriller,3511,0,1
 Crime,25900,0,3.5
 Thriller,26009,0,0.5
 Drama,885,0,2
 Comedy,33380,0,3.5
 Drama,4734,138000,1
 Documentary,1686,0,4
 Adventure,3513,0,5
 Adventure,8915,19258519,2
 Music,54419,0,3
 Science Fiction,2973,0,4
 Animation,54648,3983912,3
 Drama,836,0,2
 Romance,84772,0,2.5
 Comedy,4475,0,4
 Music,2261,0,2
 Action,6058,0,1
 Drama,7445,43318349,1.5
 Action,94466,0,4
 Comedy,1284,0,3
 Fantasy,7980,93525586,3.5
 War,2143,0,4
 Drama,26171,0,3
 Drama,347,0,5
 Drama,45987,0,4
 Action,55261,0,3.5
 Drama,47122,0,4
 Mystery,128846,0,5
 Action,25769,5802422,4.5
 Comedy,4932,0,4
 Action,26125,0,3.5
 Documentary,5707,0,4
 Action,1450,0,5
 Drama,46335,0,3
 Comedy,65642,0,4.5
 Fantasy,2395,132900000,5
 Drama,5153,0,3
 Animation,31156,0,3
 Crime,2974,0,1
 Drama,43333,0,4
 Drama,4887,0,3
 Horror,60086,0,4
 Action,6883,0,4.5
 Thriller,25941,10329747,4
 Documentary,26430,0,1
 Adventure,4933,0,3
 Comedy,4252,0,5
 Drama,34583,0,3
 Horror,26178,801000,3.5
 Comedy,1912,0,5
 Drama,37857,6297,4
 Crime,42191,0,4.5
 Comedy,4180,2052466,4
 Romance,1549,0,2
 Documentary,26694,0,4
 Drama,8929,0,4
 Thriller,7346,0,3
 Drama,5850,0,0.5
 Horror,26587,0,5
 Drama,80844,0,1
 Comedy,1785,0,4
 Fantasy,25868,0,4
 Documentary,40819,0,4.5
 Comedy,4676,0,2.5
 Drama,3037,0,4
 Drama,2363,0,3
 Drama,1896,0,3
 Fantasy,27022,215283742,4.5
 Drama,32395,0,3
 History,72356,0,5
 Drama,26350,0,4.5
 Music,91470,0,1.5
 Crime,1920,0,2.5
 Mystery,39768,0,4.5
 Drama,1863,0,3
 Comedy,5899,0,4
 Comedy,39414,0,5
 Drama,3476,0,4.5
 Drama,8070,0,3.5
 Comedy,1914,0,3.5
 Crime,91873,0,1.5
 Drama,30846,0,3
 Documentary,50641,57,5
 Horror,31549,0,4
 Documentary,55063,0,3.5
 Documentary,110748,0,2.5
 Drama,94959,0,1
 Comedy,2754,0,3
 Thriller,27441,0,3
 Mystery,4706,0,4
 Documentary,75341,0,4
 Drama,4921,0,2.5
 Crime,6793,0,4
 Thriller,35957,0,2.5
 Drama,3007,0,2.5
 Action,1673,0,3
 Animation,134569,0,3.5
 Drama,26663,0,4
 Drama,80572,0,2.5
 Comedy,32234,0,4.5
 Drama,5562,0,2
 Horror,43919,52604,1
 Action,43930,16504936,2.5
 Horror,8464,0,4
 Drama,481,0,3
 Thriller,4266,0,3
 Crime,31104,0,3
 Animation,1361,0,3.5
 Comedy,51357,0,4
 Crime,31694,0,1
 Action,6474,0,2
 Comedy,7210,0,4
 War,2325,0,3
 Science Fiction,4798,0,3
 Drama,1543,3500000,5
 Family,8951,0,4
 Crime,47610,0,1.5
 Music,1244,0,5
 Documentary,43936,0,3
 Romance,31903,0,5
 Drama,471,0,3
 Comedy,47330,0,1
 Action,71732,0,4
 Comedy,4704,1500000,3.5
 Adventure,37380,0,2.5
 Documentary,58376,0,3.5
 Action,31162,21500000,2
 Drama,2010,0,3
 Drama,3397,0,3.5
 Drama,48596,0,3
 Music,31408,0,4.5
 Drama,54001,0,2
 Drama,3081,0,1
 Comedy,4880,0,4.5
 Documentary,48414,0,3
 Horror,3581,0,4
 Comedy,44555,0,1
 Comedy,43908,0,3.5
 Action,8931,0,3.5
 Comedy,55721,288383523,4.5
 Horror,47518,0,4
 Adventure,1865,1045713802,4
 Action,3107,0,3
 Comedy,3962,0,2.5
 Documentary,70862,0,2.5
 Drama,114044,0,2.5
 Comedy,51540,117000000,5
 Animation,49013,559852396,1
 Action,1482,0,3
 Drama,55895,0,3.5
 Comedy,4641,0,1.5
 Action,1771,370569774,5
 Romance,74946,0,2
 Crime,85367,0,2
 Drama,46772,0,2
 Drama,26242,0,5
 Drama,8462,0,2.5
 Documentary,54220,0,4
 Thriller,47261,0,3
 Drama,59392,0,5
 Drama,40959,0,0.5
 Crime,36519,0,2.5
 Drama,407,0,3
 Documentary,30867,0,4
 Adventure,80241,0,3.5
 Drama,5473,0,5
 Drama,48231,27462041,3.5
 Crime,95949,0,3.5
 Comedy,114060,0,4
 Drama,91094,0,4.5
 Horror,33592,0,2.5
 Thriller,31116,0,5
 Drama,6182,0,4
 Documentary,75803,0,1.5
 Action,49530,173930596,4
 Comedy,3966,0,5
 Horror,92751,0,4
 Drama,37736,0,3
 Comedy,47099,0,3.5
 Drama,4195,0,4
 Comedy,4809,0,3
 Foreign,64983,0,3.5
 Drama,1254,0,3.5
 Adventure,56801,0,2
 Drama,2349,0,4
 Thriller,77866,63100000,2.5
 Drama,112655,0,2.5
 Action,57353,0,4
 Drama,8368,0,3.5
 Comedy,25774,0,3
 Comedy,57243,0,5
 Action,71254,0,3
 Crime,3051,0,3
 Thriller,59421,0,2
 Documentary,55245,0,3
 Horror,2929,0,5
 Adventure,62764,183018522,4.5
 Drama,73211,0,3.5
 Crime,61361,0,3
 Comedy,73881,0,4
 Horror,27646,0,4.5
 Science Fiction,77561,0,1
 War,50601,17479,4
 Drama,52462,0,3.5
 Crime,3556,0,3
 Horror,26974,0,4
 Action,5965,0,3
 Drama,86593,0,2.5
 Action,122924,0,2.5
 Action,85414,0,4
 Action,8266,0,2.5
 Fantasy,126420,0,1.5
 Drama,104241,0,1
 Drama,79224,49000000,2.5
 Drama,1556,0,2.5
 Crime,49526,31083599,2.5
 Horror,71668,8493728,2
 Documentary,90061,0,5
 Drama,40629,0,4
 Drama,67429,0,4
 Adventure,26505,0,4.5
 Drama,98369,0,3
 Adventure,4822,0,5
 Drama,52767,0,5
 Horror,5422,0,4.5
 Romance,537,0,4
 Drama,39779,0,3.5
 Drama,45000,0,4
 Drama,95508,0,3.5
 Drama,72479,0,3.5
 Comedy,6078,0,3.5
 Mystery,74545,0,4
 Mystery,132961,0,3
 Science Fiction,94480,0,1
 Comedy,26152,0,4
 Drama,96821,0,4
 Comedy,63481,0,2
 Drama,80717,0,5
 Documentary,160,0,0.5
 Comedy,84187,0,4.5
 Comedy,89492,88058786,5
 Horror,99106,0,2.5
 Mystery,100450,0,3.5
 Comedy,4171,0,4
 Action,26467,0,1
 Action,92681,0,2.5
 Documentary,90603,0,2.5
 Crime,26005,0,3.5
 Drama,41863,0,3.5
 Drama,36931,0,5
 Drama,55167,0,0.5
 Mystery,70121,0,0.5
 Comedy,88812,0,2
 Mystery,158238,0,3.5
 Comedy,46972,0,3.5
 Drama,54328,0,5
 Comedy,5686,0,2.5
 Animation,26547,0,4.5
 Action,3146,0,2
 Comedy,3052,0,1
 Documentary,44671,0,3
 Drama,85510,0,3
 Adventure,2966,0,4
 Drama,103731,21587700,5
 Horror,26693,0,2
 Action,31700,0,2.5
 Drama,127728,0,5
 Romance,8768,0,3.5
 Drama,458,0,3
 Comedy,2077,0,4
 Comedy,32596,0,2.5
 Horror,40226,0,5
 Drama,6636,0,4
 Fantasy,31221,0,2.5
 Drama,58293,0,1
 Comedy,5646,0,4
 Crime,47404,0,4
 Drama,26622,0,3.5
 Comedy,91690,0,5
 Comedy,48319,0,2
 Horror,40833,0,2.5
 Comedy,54768,0,0.5
 Science Fiction,71700,0,1.5
 Action,2093,0,1
 Comedy,26251,0,4
 Drama,4479,0,4
 Drama,8935,0,1.5
 Horror,115210,95000,5
 Horror,3160,0,3
 Horror,56949,0,5
 Comedy,4519,0,5
 Documentary,91325,0,2
 Fantasy,53318,0,4.5
 Documentary,93498,0,4
 Comedy,4146,0,1
 Drama,4578,0,2
 Fantasy,3030,0,4
 Comedy,31035,0,4.5
 Drama,42732,0,2
 Action,2072,0,4
 Drama,86817,0,5
 TV Movie,26131,0,5
 Comedy,107978,0,5
 Comedy,8985,0,3
 Adventure,54272,0,1
 Drama,54276,0,3
 Thriller,69278,0,3.5
 Comedy,5995,0,4
 Comedy,69406,0,1
 Horror,84152,0,3
 Western,4949,0,2
 Action,140174,0,4
 Action,2442,551281,4
 Romance,69746,0,2.5
 Drama,2180,0,4
 Action,59118,0,4.5
 Adventure,26947,0,4.5
 Romance,104211,0,3.5
 Comedy,2594,0,4
 Fantasy,31445,0,2
 Crime,33817,0,1
 Comedy,121113,0,1
 Comedy,4111,0,4
 Action,1732,0,3
 Horror,49396,0,4
 Drama,95752,0,4.5
 Comedy,48591,0,0.5
 Comedy,94478,0,1
 Adventure,54281,0,5
 Crime,1840,0,3.5
 Action,56171,0,4
 Horror,5421,0,3.5
 Drama,1731,0,1
 Action,26480,0,3
 Drama,85788,0,3.5
 Drama,79553,0,3.5
 Drama,7983,0,3.5
 Action,4992,0,1.5
 Crime,189,39407616,4
 Action,44022,0,3
 Documentary,39398,0,3
 Documentary,2692,0,4
 Animation,3171,0,4
 Documentary,26750,0,3
 Drama,2195,0,3
 Drama,8948,0,1
 Animation,69559,0,4
 Comedy,1285,0,4
 Comedy,83613,0,0.5
 Family,26111,0,4
 Drama,256,0,3
 Comedy,3937,0,3
 Drama,84944,0,4
 Drama,3576,0,3
 Adventure,55069,0,5
 Horror,25752,0,4
 Horror,25753,0,3.5
 Drama,4956,0,3
 Action,2089,0,3.5
 Comedy,112735,0,4.5
 Drama,2516,0,0.5
 Comedy,42734,0,3
 Action,128606,0,4.5
 History,56152,0,4.5
 Drama,142507,0,3
 Family,33838,2608000,3.5
 Adventure,69784,0,2.5
 Comedy,84154,0,4
 Action,2139,0,3
 Documentary,47491,0,2
 Comedy,26366,0,0.5
 Action,2699,0,4
 Comedy,52913,0,4
 Horror,70984,0,3.5
 Animation,116977,73706,3.5
 Drama,43635,0,4
 Comedy,130452,0,2
 Animation,26700,0,2
 Comedy,27317,0,5
 Drama,3057,0,3
 Comedy,93855,0,5
 Comedy,51939,0,2
 Action,31270,0,2.5
 Comedy,4226,0,5
 Comedy,5139,0,3.5
 Adventure,3483,0,3
 Comedy,46967,0,2
 Action,68659,0,3.5
 Crime,109161,2228951,4
 Drama,111443,0,4
 Comedy,4344,0,2
 Drama,3539,0,4
 Horror,73290,0,5
 Action,55872,0,2.5
 Drama,32582,0,4
 Western,3686,0,4
 Comedy,107999,0,3.5
 Drama,133365,0,2
 Horror,57326,0,2
 Adventure,7085,0,3.5
 Comedy,32139,0,4
 Comedy,42783,0,1.5
 Drama,86059,5200000,1
 Drama,84312,0,1
 Action,4529,0,2
 Thriller,90376,0,4
 Action,4968,0,1.5
 Comedy,27376,0,0.5
 Adventure,32387,0,4
 Animation,45662,0,1
 Horror,53953,0,5
 Horror,26631,0,3
 Action,2648,0,3
 Drama,1163,0,3
 Adventure,5147,0,4
 Adventure,1260,0,3
 Drama,4930,0,5
 TV Movie,69495,0,3
 Drama,27544,0,4
 Comedy,129009,0,4
 Crime,26838,0,3.5
 Western,8372,0,1
 Mystery,25807,0,3
 Drama,91548,0,4
 Comedy,5002,0,3.5
 Music,93061,0,4.5
 Horror,112460,0,1.5
 History,6163,0,5
 Comedy,44974,0,3.5
 Thriller,5601,0,3
 Family,58655,0,1.5
 Animation,48522,0,0.5
 Adventure,27850,0,3.5
 Horror,2186,0,3
 Animation,52458,0,3
 Comedy,45221,0,2
 Science Fiction,41571,0,2.5
 Adventure,8779,0,4
 Documentary,49957,0,4.5
 Crime,4885,0,2
 Comedy,1870,0,4
 Comedy,1875,0,3
 Documentary,92,0,3
 Drama,3168,0,2.5
 Drama,3480,0,4
 Drama,5063,0,2
 Drama,3423,0,4
 Comedy,80346,0,3.5
 Science Fiction,27873,3000000,4.5
 Comedy,44191,0,3.5
 Drama,83132,0,3.5
 Comedy,110553,0,0.5
 Mystery,6591,0,4
 Adventure,8014,0,3.5
 Comedy,37727,0,2
 Comedy,37731,0,3
 Action,8743,0,2.5
 Romance,86835,566006,2
 Drama,8906,0,2.5
 Drama,2141,0,4
 Drama,5602,0,3.5
 Comedy,3004,0,1
 Drama,100032,0,2
 Comedy,31547,0,4.5
 Comedy,95744,0,2.5
 Horror,69974,0,0.5
 Action,92309,0,3
 War,4274,0,3
 Mystery,2993,0,4
 History,6547,0,1
 Horror,27706,0,3.5
 Comedy,45179,0,3.5
 Drama,85025,0,3.5
 Drama,43871,0,3
 Comedy,5065,0,2
 Fantasy,101904,0,3.5
 TV Movie,97593,0,3.5
 Action,83361,0,3.5
 Drama,8371,0,4
 Drama,31413,0,5
 Comedy,1269,0,4
 Comedy,1419,0,5
 Animation,5833,0,1.5
 Comedy,1615,4508104,3
 Comedy,1616,0,3
 Comedy,2169,0,1
 Drama,91628,0,1.5
 Action,53435,0,2
 Comedy,2189,14100000,4
 Comedy,46578,0,1
 Comedy,40817,0,2.5
 Comedy,30723,0,4
 Horror,90888,0,3
 Comedy,105246,0,4
 Adventure,26574,0,4
 Documentary,88744,0,4.5
 Crime,45679,0,4
 Drama,32029,0,3
 Documentary,54732,0,3
 TV Movie,50794,0,2.5
 Drama,59810,0,3.5
 Foreign,31524,0,4
 Action,3701,0,3
 Mystery,3699,0,3.5
 Documentary,58301,0,4
 Drama,102165,0,2
 Comedy,5061,0,3
 Action,5056,0,5
 Action,43351,0,3
 Romance,27922,0,4
 Horror,3122,0,3
 Comedy,45210,0,3
 Action,33124,0,3.5
 Comedy,58191,0,4.5
 Drama,2197,0,3
 Comedy,2462,0,2
 Adventure,43419,0,2
 Drama,74458,18050000,0.5
 Drama,89072,0,3.5
 Comedy,5302,1218730,3.5
 Documentary,32728,0,2.5
 Documentary,44694,148426,4.5
 Drama,44511,0,4
 Comedy,5064,0,5
 Action,56095,0,3
 Action,54503,0,3.5
 Comedy,81831,0,4
 Drama,5839,0,4
 Action,26342,0,3.5
 Comedy,92496,0,2.5
 TV Movie,37211,0,2.5
 Comedy,3405,0,3.5
 Comedy,74510,0,4.5
 Animation,26809,0,4.5
 Animation,60293,0,5
 Romance,92424,0,4
 Comedy,4645,0,4.5
 Romance,25764,0,4.5
 Horror,39408,0,0.5
 Horror,3125,0,4
 Western,82667,0,3.5
 Action,5742,0,4
 Comedy,5747,0,4
 TV Movie,26599,0,5
 Horror,131830,0,4
 Drama,53121,0,2.5
 Thriller,87884,0,3.5
 Comedy,56339,0,4
 Documentary,89870,0,4.5
 Comedy,2166,0,4
 Drama,34334,0,1.5
 Horror,3602,0,2
 Documentary,54734,0,4.5
 Horror,31150,0,4
 Horror,36529,0,1
 Horror,45431,0,4
 Romance,86000,0,5
 Family,97938,0,4
 Action,8460,0,4
 Action,33558,0,3
 Thriller,148652,0,2.5
 Drama,4255,0,0.5
 Thriller,106417,15,3
 Horror,86332,0,1
 Drama,80219,0,4
 TV Movie,160718,0,4
 TV Movie,27338,0,3
 Drama,103688,0,3
 Comedy,31410,0,5
 Documentary,8930,0,2.5
 Science Fiction,50162,0,3
 Comedy,81229,0,3.5
 Mystery,53129,0,4.5
 Comedy,4705,0,4
 Drama,2988,0,3
 Foreign,27351,0,1
 Horror,59429,0,4
 Drama,107406,0,4
 Drama,27255,0,2.5
 Crime,48856,0,3.5
 Drama,70418,0,3
 Drama,6945,0,4
 Thriller,93840,0,3.5
 Comedy,5900,0,3.5
 Drama,27724,0,5
 Science Fiction,72720,0,2
 Thriller,95375,0,3
 Comedy,2798,0,3
 Crime,83827,0,4
 Drama,63276,0,3.5
 Action,2004,0,1
 Drama,2333,0,3
 Music,1539,0,1
 Comedy,49961,0,3.5
 Horror,58432,0,3
 Comedy,81660,0,2.5
 Drama,2232,0,4
 Romance,459,0,4
 Comedy,457,0,3
 Comedy,6318,0,3
 Drama,58156,0,2
 Drama,45722,0,2
 Horror,3145,0,4
 Music,89774,0,4.5
 Drama,2969,0,4
 Drama,40826,0,4.5
 Action,103210,0,3.5
 Action,32160,0,3.5
 Horror,25744,0,4.5
 Action,55765,0,2
 Action,44245,0,4
 Thriller,121491,0,4.5
 Drama,206,0,3
 Action,26010,0,3
 Action,5846,0,4
 Comedy,3936,0,2.5
 Comedy,2079,0,3.5
 Comedy,2078,0,5
 Drama,51935,0,5
 Science Fiction,3578,0,5
 Comedy,59333,0,2
 Drama,798,0,4
 Drama,2734,0,4
 Comedy,5881,0,4
 Action,4893,0,3
 Comedy,107081,0,4.5
 Drama,31973,0,5
 Family,74944,0,3.5
 Action,27875,0,4
 Comedy,54256,0,5
 Action,98122,0,0.5
 Foreign,103048,0,4
 Action,88950,0,0.5
 Science Fiction,81782,0,3
 Drama,3565,0,3
 Science Fiction,50189,0,2.5
 Comedy,4728,0,4
 Comedy,4727,0,3
 War,64032,0,1.5
 Comedy,134881,0,4
 Drama,27721,0,4
 Thriller,84844,0,4
 Drama,4228,0,3
 Crime,67087,0,1.5
 TV Movie,39446,0,3.5
 Crime,3013,0,3.5
 Comedy,31770,0,3
 Adventure,64508,0,1
 Drama,78101,0,2
 Comedy,6884,0,4
 Adventure,26736,0,4
 Drama,103502,0,1.5
 Horror,26702,0,4
 Fantasy,79720,0,3.5
 Comedy,26199,0,4
 Drama,68444,0,3
 Comedy,66066,0,0.5
 Thriller,4459,0,5
 Horror,3025,0,3
 Comedy,4709,0,4
 Science Fiction,57845,0,4.5
 Action,3692,0,4
 Drama,1998,0,3
 Foreign,25801,0,5
 Horror,27674,0,3.5
 Drama,31364,0,4
 Drama,108949,0,2.5
 Drama,4979,0,5
 Romance,1837,0,1
 Drama,104374,0,5
 Drama,105254,6530000,3
 Crime,74727,0,5
 Drama,103539,0,4
 Drama,100017,0,3
 Documentary,2890,0,3
 Comedy,65216,0,5
 Crime,4680,0,2
 Comedy,2764,0,4
 Documentary,3048,0,3
 Documentary,65188,0,5
 Horror,4443,0,3.5
 Crime,30810,0,1.5
 Family,799,0,3
 Crime,50658,0,5
 Action,50583,0,3
 Action,5256,0,2
 Mystery,105593,0,4
 Documentary,89337,0,3
 Documentary,135536,0,3
 Action,53883,0,4
 Drama,78088,0,3
 Adventure,2989,2000000,4
 Comedy,3938,0,4
 Drama,58559,0,3
 Action,31184,0,4.5
 Drama,3102,0,5
 Comedy,3941,0,4
 Comedy,1652,0,3.5
 Comedy,1655,0,2
 Action,99846,0,3
 Animation,53999,0,2.5
 Science Fiction,7456,0,4.5
 Animation,31502,0,2.5
 Documentary,59126,0,4
 Animation,30,0,5
 Comedy,5066,0,3
 Science Fiction,3786,0,2
 Drama,63876,0,4
 Comedy,110501,0,3
 Comedy,48268,0,4
 Drama,51091,0,4
 Comedy,38061,0,4.5
 Horror,4290,0,3
 Drama,64116,0,1
 Action,4546,0,3
 Western,3698,0,4.5
 Horror,5434,0,3.5
 Thriller,112767,0,4
 Crime,61123,0,3
 Drama,4948,0,1.5
 Drama,40946,0,4
 Action,89904,0,1.5
 Adventure,4279,0,4
 Documentary,86320,0,3.5
 TV Movie,61348,0,0.5
 Comedy,63859,0,3
 Documentary,79163,2203,4
 Documentary,8893,0,4.5
 Drama,2324,32788,4
 Drama,33495,0,4
 Comedy,58365,0,4
 Drama,67255,0,4
 Thriller,3479,0,4
 Comedy,55156,0,4
 Fantasy,81537,0,3
 Comedy,72733,0,4.5
 Comedy,1609,0,3
 Drama,72701,0,2.5
 Comedy,64501,0,5
 Documentary,105121,0,1
 Western,26776,0,4
 Comedy,3144,0,3
 Action,4462,0,3
 Drama,932,0,5
 Crime,6103,0,2
 Horror,3159,0,4
 Documentary,78174,0,3
 Drama,115877,0,3.5
 Drama,1608,0,1
 Comedy,100272,0,4
 Drama,130450,0,1.5
 Adventure,59935,0,3.5
 Action,66659,0,0.5
 Action,107412,0,5
 Fantasy,4652,0,4
 Comedy,7088,0,4
 Drama,55253,0,4
 Horror,109074,0,4
 Documentary,134158,0,1.5
 Horror,38499,0,5
 Drama,4369,0,3
 Comedy,26797,0,5
 Comedy,2459,0,4
 Crime,6105,0,3
 Mystery,1848,0,3
 Drama,1596,0,3
 Thriller,3427,0,1
 Crime,6107,0,5
 Drama,26509,0,4.5
 Adventure,65310,0,3
 Drama,1631,0,3
 Action,7234,0,4
 Foreign,48780,0,4
 Action,104863,0,3.5
 Music,58306,0,3.5
 Music,25771,0,3
 Documentary,72386,0,3.5
 Mystery,71520,0,3.5
 Drama,74154,0,3
 Mystery,114464,0,5
 Comedy,118900,0,3.5
 Action,130980,0,4.5
 Adventure,3003,0,1
 Comedy,4644,0,3.5
 Comedy,2132,0,4
 Documentary,111913,0,3
 Animation,8128,0,4.5
 Comedy,62999,0,3.5
 TV Movie,68954,0,2
 Horror,3210,0,4
 Action,2104,60700,4
 Drama,6436,0,5
 Comedy,74580,0,3
 Action,64278,0,5
 Comedy,86190,0,1.5
 Action,2791,0,5
 Comedy,8366,0,2.5
 Horror,2154,0,4
 Action,8453,22175908,4
 Animation,84601,0,3.5
 Comedy,127098,0,4
 History,5040,0,3.5
 Comedy,63540,0,0.5
 Adventure,2286,0,1
 Comedy,63179,0,4.5
 Comedy,26147,2411594,4.5
 Drama,3178,0,4
 History,2331,0,4
 Animation,91673,0,5
 Drama,80831,0,2.5
 Horror,3104,0,4
 Romance,64197,0,4
 Comedy,98604,0,4
 Fantasy,49280,0,5
